-51.115103086523305,3.1039373423195404,2.0507789280352604,4.458502879163372,-0.5395994547645548,-1.261706224739855,-1.2862557997811743,0.30819879171266873,-1.268670911904814,-0.07074021164274136,-0.6320916962769956,-0.2095842530518488,-1.317012732052258,
-72.39985821424251,7.546355516853303,-5.870706248064646,0.3033754632960788,-2.838889719768606,-2.9307089574696983,1.445448528329167,3.3798450434698863,-0.0534793984038906,-1.7819182954067476,0.22597773111010788,2.31853332300774,-3.270530763627029,
-57.457978113039786,11.01654938853538,-9.091429573398816,3.2446866121376448,3.3241014954995425,-7.051647740056509,-1.2383868251795347,0.2504075471848255,-3.380562896788778,4.194590289172778,-3.6087599109184274,0.09494766669870014,-0.837646100545657,
-68.73213407080328,6.852912765458359,-5.464203516922647,4.957699049634668,1.8470942112038706,-3.5072765291866803,-5.054262590065589,-2.600823976101985,-0.7781195958432616,3.571609515818989,0.7045238466860493,-0.2713638755372574,-2.299352655852739,
-60.16096005834933,10.64660744155282,-7.631282824587801,1.458620693264792,1.5771172579526311,-4.055676007247594,-1.0075686784197018,-0.49815970914164076,0.4395132726164537,3.55045685486179,-0.3771764604535677,0.7988881923207449,-1.648211626130038,
-56.74698582584363,4.936953121635373,-2.7719646547059917,4.950915042653065,-1.1749891302768098,-3.3816264955546638,-1.6456409067386366,-1.7185960121882786,-0.8323767621095906,0.8461227093961567,-1.09765690514784,2.3418359177140546,0.09686573647149954,
-67.39550854665724,5.490865518838445,3.4312820307693097,0.10930030091170106,-2.7526397580488466,0.2345358069198542,0.12420191589904306,-0.3841558743844482,0.8157723871234452,1.1201702954729416,0.2919850941356614,1.5853825400204649,-2.3586456044738457,
-58.01831533256477,8.24312214345687,-0.8770029704717555,2.9203856612409314,-0.7944841683450798,-1.3617804930102122,-0.2169746216946402,-0.6870037380259846,-0.9810447851427013,0.6888319878308202,-0.0778758724231765,0.6082146430295512,-1.2575336899292375,
-60.56512349778805,9.15491244537536,1.019070708487356,-1.9220099422348889,-0.8169651453736195,0.13479600925731905,-1.7407980525714466,-0.5154203149237899,-0.08773962170478322,0.238266361692419,-1.215130688303385,1.778688794877324,-0.8610505116501872,
-65.71850052330517,8.3239884562709,-1.6555363553574334,3.51231114514312,-1.4205004532688097,-4.454310536005414,1.176189772428689,-0.18905949348140805,-4.737702190108826,1.7047554641142662,2.1749941666826893,1.2314634031054528,-0.7942539031368026,
-63.28398894150184,1.1647298987710535,1.3931727676725503,3.2122244017331028,2.681021782577411,-0.25125989565741014,-5.043319594479248,-4.062104463573574,-1.2610145004143456,4.307484100405935,-1.1772994054840518,-0.013054131435383365,2.2401533467538695,
-47.89533813411767,10.067803066575566,-6.546312668132487,1.970222138720115,1.7995369997194532,-2.898697981815373,-2.13414958740936,-2.1862286062202667,-2.509517901435015,3.76247136825766,0.2533826764335867,0.010455313487343965,0.44731468735628654,
-66.1201350730953,6.887594530798073,-2.3942294344687896,3.740855417107715,2.1165210763268574,-2.98776735582457,-2.6452079425036734,-3.0559502186869683,-3.0943897793117685,3.161976051495747,-0.7401006611672094,0.04763950210472778,1.4153829414475334,
-55.783439809629236,1.0974819293776163,-0.6818632083866563,0.7661230957724712,-4.222002045949914,1.2400071349994928,0.9476178849090124,0.06930057095558118,-1.5769593926102494,3.3127960918211117,-0.380234530942686,-1.2502840867715164,-2.9687675691104207,
-54.01775398032771,10.559407837495256,-1.122083326034082,1.144362536718194,-0.8682811244041897,-0.8039051048660255,-3.301907569815543,-3.1671506339418243,1.4705332539592848,1.614022160102516,-2.91273802972502,1.9993751745755188,1.1508035540510217,
-60.27235369379539,7.733624752979802,1.6766802936958252,-0.6042516202364907,0.4042272997737686,1.552808021046235,-2.827685545383855,-2.182387191681028,-2.0817680051346668,0.3062845731726096,-2.3117252379055637,1.9267789717727832,0.9692990119218483,
-59.314794826229246,8.826204084905353,-4.943700375070493,-1.1167965986508834,-2.0801884819783707,-2.531877513552713,-2.670961829686286,-0.02300067896050484,-1.6047175110822423,2.6851581761043923,-0.2850168487393474,0.6488002727408784,-2.313555005938623,
-62.91930136297001,13.238688682063803,-6.389659319768883,1.2520375684428244,-3.8724127103399746,-3.930744840949022,1.7558059735865,2.029218046389702,-2.591090184346262,2.03834473901488,-1.0959922984063644,1.0587291886365668,0.5301828895480734,
-61.0746736049468,11.95892891199271,-8.291245873007714,0.8609193889147226,-1.1651090848403296,-2.746051576762567,-0.42715664351580607,-1.568047460535281,-1.320425222046385,1.6910014725887925,0.0748688716788588,0.8290185207805756,-2.006998426664536,
-60.44058143569133,4.264040847810065,-1.3608221811886758,4.608261604246158,2.7915240841137794,-2.668127064273206,-4.099343836771666,0.609408263794676,1.3887767203542354,0.29221104358953465,-1.0926779456223759,1.4373748001397655,-0.4354360238423358,
-56.54743444052632,5.687845512652233,-9.601584653244,4.931790163173579,-0.3119683274873162,-2.5949065628087116,0.7357102883942526,-2.448016681966386,-3.696869244037745,0.21290654309469703,-2.9772857905001544,-0.10521406641556963,-2.3950455154228485,
-57.15726259718242,-1.8385014580873613,-1.1756571365701052,1.5095865598238847,-0.43369082722510344,-4.043089352922308,-3.451789016688303,-0.5521906861441064,0.9363241596652623,2.24080623863526,-0.3144830108355203,1.1023408440389972,-2.3892734423273967,
-59.072422230542315,0.6878949481890002,-5.282682756160815,-0.2819083477798747,0.6233768799888635,-4.897007991872958,-2.114291722707384,0.03899088335568024,-0.6207038294626956,2.422151696904373,-1.6606544005121322,0.11044297041071705,-1.6098058186291888,
-74.66911369756636,2.3083914100095178,-5.89305785382729,0.22108850314711237,-1.1941824507170367,-4.2567908217760655,0.18980248119447918,1.2114552518059947,1.9320323347213795,2.4804696995157762,-3.309430868303422,-1.4556587271929504,-2.439170142204792,
-76.8432460777242,5.382038424468901,-3.5846207312627154,-2.182857740678773,-0.42738472516781467,0.33953193318527397,1.3102815846970568,1.2233936500452796,-0.38356597413401605,0.7357531183895154,-0.8513937770498479,1.46040651153612,-0.9604429407047381,
-51.78927996203995,4.730815934692717,-4.766764090970369,1.5243362701509398,0.29231844741919444,-3.232920982316176,-2.537442835311423,-0.362557094708305,2.214355472234792,2.960740900001332,-0.8670906335120161,0.8129089403058753,-1.0080568162883967,
-49.65316307401343,9.021130331273191,-6.169604287901654,0.5495001434732139,-2.00471306239896,-0.7135994925740494,-1.0358323848892077,-0.041385025974967515,-1.0819962069019171,1.7371380037740147,-0.7907539140295632,-0.4963801788827369,-0.1586224842465338,
-55.24966432390968,5.433492102799813,-7.632253821052309,1.7556191302767727,2.128154490144153,-5.848494724697577,-0.3750715258346191,-1.5299290923748505,0.5951256221704262,5.315051445356804,-3.425760252932751,2.30568752282784,-0.8848804404459705,
-60.48956161100295,8.971442576962163,-5.745313067769096,3.420331728626627,1.0406208667401469,-3.887657468202897,-1.5291671378844907,0.06791160486969172,-1.0865340585789327,2.605833519729647,-1.8562791480822638,-0.883296217008203,-0.6756265234967147,
-58.38342178419209,2.2459788764081288,-3.409506582401528,1.0579116473131118,0.2172414012928554,-2.6348516995714863,-2.639902276142813,-0.8703054789778801,1.8730976460594033,2.8517765267728112,-0.8525330581497452,2.1822593569165996,-0.298464839793221,
-68.0130316854262,10.432031996509586,-5.94527227385315,1.5593530439436787,-0.3699721409593675,-3.7842053344475515,-2.4518021493178965,-1.469311827931893,-2.6729702525471044,2.2474149071255187,-1.6210175806935223,-1.3796661358678444,-1.0733669741459821,
-70.00855670308992,10.674053417308475,-7.2306405127465485,3.25947949361634,-1.7618337237901236,-3.52481257667812,-2.039687501413584,-1.159659837740974,-3.3954249623626245,1.870342290017864,-1.6092052945296995,-0.5081028007764323,-1.2602534917066142,
-64.57675797083722,4.061118645383898,-1.5702864344241374,3.1233459566445405,-2.7107176510772706,-2.426408733022873,-3.731592714862604,-1.9520292031940554,-2.1375824491229363,2.134178527764138,-1.6318505426628647,0.8997263599386818,-0.9899583708133064,
-71.32564297152899,3.476010596842164,-1.1274451868759807,0.5313532411951254,-5.1394877830740935,0.4688905212570722,-1.385401880921946,-0.9823299273834385,-0.4762054111062377,2.388331973079626,0.8929268210148824,0.8935558574595248,-2.4910340276967062,
-75.78423466847191,4.142972925644908,-2.405882383449168,6.698637356417979,-1.481150533207361,-2.090479731173602,-3.797004894404823,-2.38314713870016,0.3856698884889518,3.570618581152836,-1.530627160599574,0.7066359298309215,-1.2178089925820763,
-61.34028530696771,6.083049209518517,1.5308939077270995,2.725454255550485,1.4182886105241992,-2.3996101769544635,-2.9074569615562487,-0.4549685214269461,-2.7008478776284304,2.834693548202472,-0.8130154034043229,0.27769234827526024,-0.383369620263847,
-62.693928522536524,8.263811426872534,-0.8060442134483332,5.2862936014244974,-1.7293031878691107,-1.0949545637957714,-0.23304848924161892,-1.1495863625888831,-3.112797910438884,1.7134710253156593,-1.272747810947306,-0.5947964022377907,-1.6947363461163754,
-48.50524635884812,4.2384409542825825,2.1335644356591144,6.6359755555363,-1.5053692786812485,-1.3323506333529753,-2.5117637188571424,-1.1370680787651701,-0.8424503602003894,1.9122779040992381,-1.4964666883491449,-0.032274775065793904,-0.6948605403599215,
-60.51036148023499,1.8478424201661965,1.4651632081709907,3.8536447345073386,-2.0589734907773867,-1.1957405324821941,-1.6792312505375104,-1.9841893718677426,-0.25790330909213255,0.916194628965882,-0.018229854833437642,2.489800739259344,-1.0269534428345033,
-47.25939899215555,1.764368359871475,-2.5270997651447065,-2.3495860608253722,-2.4157403775770554,-2.687610436243146,-2.207153888372952,-0.429009417877972,-1.692386434080072,-0.6577263799145654,-3.766387483580931,-0.8845334761242425,-2.2102822234062423,
-114.99038501085161,2.522861237571562,-1.7627676906009144,3.665241890783453,-0.7305737845598008,2.607614434606829,-0.3777656891477488,0.5321612926927708,0.1019512673797971,1.3005731901352977,-0.6728574050498857,0.055003364023876955,-1.107295034867878,
-48.472877883952975,4.651500928204122,-4.521542639661496,2.2157132112590143,-5.0752141604001775,-2.2364573237780148,-2.9022966432051343,-1.0873777581086275,-3.5065914831532523,-1.366377106612776,-5.07492910065567,-0.6987410212510912,-3.29258083926461,
-66.91214382590138,8.33993308062169,3.185930879468441,0.6520949170203396,-4.769719052976942,1.4419648744421787,-0.4174219150443239,-2.4665751870484356,-0.9877767987262716,2.817885561702851,-0.8615616089018587,1.81380696336486,-0.47249056984777305,
-79.92403774908053,13.193113654518113,-0.0872084340826893,2.1683811371838737,-0.453499358952393,0.19996749276796866,-1.653874961263817,-1.146222715620306,0.899005752587442,0.7060892874121913,-1.2002425554685434,0.5340285278039212,-1.8966082545155816,
-87.51443063976544,11.367085383430766,3.5421186928939,5.947122234017779,-0.23402407839899375,-0.5991180182359468,-0.327261541553324,-0.2389019873994549,0.8693703933094197,-1.4326608699703867,-3.0836683199197488,-0.12491557695887368,0.27570312030828914,
-60.662619676899865,8.290768561559972,2.6330095113089227,4.331965242738548,-0.09500839378078396,-1.0730693290344542,-2.434688651082735,-3.938524194511524,1.5798615147923951,1.0389622799387226,-1.0955619231481963,0.5213610643306712,0.5304343443109194,
-76.78098924632846,12.879243301341152,1.2219775956767265,4.068159193949626,0.024449306040898122,0.24546194815733902,-3.755431578818156,-3.0835493241616883,0.6946529307331177,2.1051165086964345,0.67038192340125,0.9599406822516401,-1.4083174737697144,
-59.38924555710089,9.46193479002056,1.1495879697657019,7.039454476576747,-4.763243362572044,-1.557861438604128,0.32545251365075956,-2.579821219900721,-2.4453974716784543,1.0817448588396807,-0.9151877538996889,-0.029663368540572055,0.17903462470601905,
-91.68203327261584,15.164889427475291,-1.89691070588644,0.12337009576798597,-1.700423034875159,1.9948080842301805,-0.5871988716087451,-0.6230111906609714,2.2689871422698014,0.687735118091318,0.27805056862237265,1.828275735607436,-1.0941491730668007,
-52.18635690894515,10.517411338055531,-5.663229033313552,5.664737636020089,0.767464422147671,-3.610357193431149,-1.6639507551834525,0.23375880595887288,-0.11752422378706484,2.5795791650165647,1.11732976193439,-2.5506131461103947,-1.9592204119986776,
-59.750557940590625,1.0420460468263952,0.4391837619405319,4.507742408174202,-1.5402691017583927,1.151945398688902,-3.8999442450669015,-1.745494639980472,2.043692847534641,0.30071800427667705,-0.7123974836975773,2.089748870226334,-0.3412560458607059,
-58.64936598822799,3.226772113625377,-5.440971117737112,-0.6915870931540535,-2.798352929840885,-0.7260870234768828,-0.21855416436037478,-2.3096343859753716,0.3810911019878964,0.20815193262493548,-2.3827819160368504,0.37893996073362723,-3.1189800811923805,
-59.1723235251832,9.947827105941386,-8.866509005128117,0.7989008005353231,1.562768963348562,-1.0024733370192318,1.1134173432095213,-0.7915853087940241,1.5202155778138322,2.212336252034039,-1.8988865628122553,0.9569963459479243,-0.03391941004175436,
-50.38162925529149,7.34039213607035,-5.822946595752818,2.8281852831786933,-2.0194472154749765,-0.5458430746594192,-1.5503260317226477,0.17396147706340903,1.1197260579185806,4.380619438299794,-0.7389301084221209,0.2722689671216858,-0.9232320776456042,
-50.758109580805055,8.800360800178158,-1.945717978703466,0.5549930724870191,-3.2970665197998303,-0.8395605646883748,1.4780314634610034,2.416140463716407,-2.4152544847433117,1.0461001475061256,-1.0075920818708193,1.6865625075523507,0.19382974957604038,
-49.61887877817539,12.537557336856601,-8.757176605145531,3.7972127833016844,-1.8202395123417632,-1.9097086377741048,0.6860683728561119,0.27786487028659934,0.04969467199559974,2.8223470750010238,-0.46034186663271237,1.6555300512428657,-0.5252468992841042,
-44.8654645099818,1.7437401002650357,-3.0778162230895334,0.8740760868098505,-0.7894094928613806,0.4793947678325585,-3.1461710383743284,2.5562321022501804,0.8793600664835513,2.882709039864441,-0.3636897002605184,0.6213901166846769,-0.9627153767335856,
-60.349319961689204,1.9118270344734576,1.7064986692072144,4.191031881264907,-0.5998504524204908,1.229148795130044,-2.6006746231461326,-0.04156364643422572,0.14955180369051346,1.528508214312854,-0.11774743681690047,1.9663139824710658,-1.757264898294157,
-49.88427144908926,7.406720398654613,1.1069509598242369,4.7855286198042135,-1.2284720485385918,-0.9940384658840413,-0.9118184074125932,-0.07312425057995409,-1.3988785006822297,0.8296706778577869,-0.520806086690448,0.7625751068353273,-0.6354191775504976,
-51.16753329030573,-0.224839576032704,-2.721079832507416,3.122550269097139,3.081810120439696,0.678504626337127,1.2012987102342456,2.1088965092221446,1.071698010642057,0.39537205347122817,0.005535621009388647,0.3251368567176367,0.45667601950571224,
-83.84721568843273,5.837995790993035,-7.586812049647008,2.9286341907053304,-1.6834665636463875,-7.25882487099832,2.642304320395442,-2.281270099149177,0.6759546354900254,0.9771842931380692,-2.1792826895617123,0.07662486267860036,0.008682149171580278,
-80.68926200267896,4.370029975333491,-3.107977615732273,-0.062216042405661476,-1.8839815913987557,-2.4900118090434553,-0.6033720790286843,-1.8119540123716842,-1.1865766237978685,0.4588592485866081,-1.9053080779694973,-1.1055695672674184,-3.0482207568930217,
-82.58857448262677,9.322730492988814,-10.354289094790767,-1.0542291531697598,0.1588315824937787,-3.9020986322528435,0.5738970052737118,-2.091991562766956,0.2407227402499923,1.2835165107406263,-0.3554525349398503,0.2266740849058282,1.7338804870172217,
-39.31947209001234,2.7670523226594272,-9.975519374689778,0.7088071529676689,-1.6023211829030557,-1.7489492156497164,0.8253265579257345,-0.6954974098281288,1.7823972512799067,0.26388840238922784,-2.8255517723399217,-2.088338055365826,-1.451973967820624,
-48.89793461604141,2.261251044068348,-4.830984872231488,-0.40704614255210325,0.7883712887117338,-2.3602961408501977,-1.38941250810995,0.056065275694710426,-0.17629460490389448,1.228882823732801,-3.0076562546085492,-1.771235395371702,-0.7000119543879293,
-63.71233859193544,9.698919274743417,-7.970094193629677,1.7456410691390105,-2.8123235898077277,-1.7760195493174438,3.84406866734641,-3.6242832518096595,0.6945982753723574,1.0506944835026562,-1.6270492592081267,-0.5330634346416248,-1.2444053803796606,
-80.98004019202365,1.902530034845534,-1.6908115583481864,5.252277220949365,-1.5003731586041007,-1.7969341165578454,-2.591796511171771,3.2791311117738626,0.4038299807709964,0.22452647400025638,-1.1784436732680152,-0.028439147522633768,-1.3430999331894111,
-46.11901944417144,3.492385351879144,-8.426336730965135,1.3524080343255278,-0.9688090412916157,-2.8507892335124785,-0.8154659483909685,-1.280102063771682,1.7786517596434508,2.110270954718466,-1.4008258927896104,-0.5555305962462747,-1.8488605933023137,
-65.61893849762156,6.174572646139782,-2.286852219810071,2.6034199568275858,-1.071907166467843,-2.3035839059505787,-1.7846099017195944,1.2374128239281434,-0.8756848433894757,2.7126429126932448,-2.466601448940271,-0.2082539775041221,-2.513508369335648,
-46.25072292311866,4.595380743130409,-4.356685503527771,1.9021058183978097,-0.8170064400978849,-4.088295243433437,-1.4858782411711866,-2.632942077309714,1.9198444604689655,0.5475992722663701,-0.4047353416163293,-0.795936176541783,-2.6262375837000844,
-51.57388646416637,-2.233070452319236,-4.109520516922232,-0.3426389994481256,0.1941692230077514,-3.175829688895783,-1.4052858443596172,1.7094114030964882,1.6666845265024808,0.5194566867802495,-1.386573939372409,0.5786425319518504,-1.8706093339666365,
-57.981386460723286,1.453231389896199,-5.515735158586768,-5.842617379141792,1.5588157665769233,-0.08617289301942632,2.0010900689658273,-0.8990664262015753,-1.1810012442138333,1.1285622965054292,-0.5124660545483719,0.07402814179267492,-2.1577366392667567,
-58.56752517231008,-1.4777833890955612,-0.039203296527607456,-1.8439286837863675,-0.6217528670927215,0.9264565635992066,-2.532320272547595,0.5425987499956646,-1.0730233953979844,1.9265828481490272,-0.5943607412671466,0.56501161674182,-1.0560782516423575,
-67.19874944657971,2.4045610561088147,2.825324288502471,-2.8191439953013973,1.1207372950271894,-0.5612655205277743,-0.2197110554889048,-0.09117151838185755,-2.452142103697439,2.3125358332016948,-1.8523128427153022,0.1652659805528507,-2.7439834932859783,
-59.92040923482662,9.37296032759701,-4.537011963539817,1.0526976658436085,-3.9897596023633284,-0.43140243973993053,1.5460497233737494,-1.92979486212848,-0.4447037763805186,1.8712882238946482,-0.05842139995108342,-0.11813544568130885,-2.1800846748727727,
-61.392889214293085,8.06078247926609,-3.2051770829606014,-2.036640589127564,-2.8853907515831754,-4.568646435670159,1.1580903820571176,2.0973284973553556,0.47037026756234646,0.34731650176288786,3.3949080366378355,0.25281405561881565,-2.728716765552365,
-53.9690404226191,10.91384095439866,-6.26407864997323,0.21378021889853382,-1.681627717244801,-3.4277531941313666,-3.3052509705795066,-1.1772722165952088,0.3855998292327141,0.33099698988162496,3.04345068047844,-0.4825790775689427,-9.100404375095295E-4,
-63.363708376695264,6.50679888244327,-3.9271530016472345,3.4136181105587933,1.1207471571106034,-3.782181381612996,-4.62207454472192,-1.0006869030364718,1.3425995746718833,1.8456215194932508,3.2824473081313417,-1.2215180313034062,-1.52647402675104,
-60.96295000151519,8.273388712501156,-4.534329059869981,0.2091601466477644,-0.970049286685092,-3.8082161969948394,-1.2126821247828223,0.6174043467725174,1.0580384890507983,-0.18918439428968448,2.4877287587467016,-0.8466537851621441,-2.2998506854043566,
-61.34745653975676,8.800337158191756,-4.193818980100483,-2.4505325099360733,-4.375321925976668,-3.9060977203061737,-2.457221561102977,0.3738275891349754,-0.21767245968261673,-0.8375813241257068,2.932635710524807,-0.9599969407925157,-1.1098491651643818,
-47.73882813251357,7.438023213597287,-2.7307796350077327,2.3046561868995314,-3.289084112385453,-3.179048959375009,-2.259028833844141,-1.2527459738636666,0.10607727362329467,-0.09161880714631909,1.359831258440471,0.5450408544862577,-0.7665710638995531,
-57.47709118009233,9.093688524684307,-5.723257262902248,1.6985185623618007,-0.7029139169321059,-2.7540524647693645,-3.3619579657694376,-2.5267688250837446,1.1730006950492649,0.338398903374554,0.7077437892517175,-2.175408177304636,-1.2362569826413758,
-69.74703582126912,11.858314749184398,-4.548599718900476,1.8788307744995603,2.472039320685068,-1.7601479912351792,-0.8749979673809234,-1.1212132807831354,3.086307661132666,2.876409907873694,2.958617365176628,-2.400694432576431,-1.7438354888215821,
-56.48556806282718,8.769453313380925,-4.3611379213105135,3.7241929090084196,-0.23187803040745214,-2.2369315606502393,-2.5228160999459073,-1.7301424811021278,-0.7445669684149978,0.6571293732644548,3.828005767779419,-0.6015259388471033,-2.242549115030547,
-76.40660209464394,4.414412206471497,-1.0790561236720917,3.395647081863256,1.4237844022100754,-2.421647464781264,-4.077663316471532,-3.0190401587686986,-1.0088599050869282,2.2085869168239567,1.607777481778808,-0.7709182616323913,0.765574842863002,
-72.79997612182613,4.856738641281151,2.7415053182030995,-1.7744796861648071,-2.3653823989033684,-3.401887323448213,-0.30907153530875053,-3.1757391282089853,-1.4443966796768035,1.2396767128580657,0.31631997734847417,-0.974999192563025,0.3307627871840735,
-105.89113358281189,6.913523793153044,-0.46106528647724243,3.953848045333414,-3.4074835768013196,-2.1873654415317523,1.7050052393475008,-0.68134746746387,1.7471056941213714,1.5628526536693443,0.23942980643334177,1.3342420254095195,-0.6112040382667123,
-94.32108240741636,3.5302907868251427,0.2408043829947033,1.7131828123644448,-1.2108290677375626,-1.8340362085948954,-1.4636653085926414,-0.44294483668068096,0.5223599311596256,3.6624581558390994,-0.21507970690542821,-0.03521806201504818,-1.1525374459352538,
-96.20326801141213,10.642897472078086,-3.7757524139719587,-1.0388166591019932,0.5736500584706983,-0.5655079693446039,-2.4696881316938564,-0.050564038067259176,0.45134522642583175,1.3519044910877485,0.4154748459724633,0.23623687486648004,1.1942205300062936,
-61.06598387101393,4.587482881537184,2.941663218967572,-5.632626925078842,-1.540286420725757,-1.4741421695007446,0.7547189809914161,-3.3910745884933173,2.4214451844448326,1.625371106197797,1.0971294179946462,1.5805640208023566,-0.5329204328933865,
-84.77723270414619,6.727218505672425,1.4736020480192598,-2.987158541549244,-1.7768505527512506,-0.9984555073153851,0.6521725062176715,-2.437181241499504,4.141121135672311,-2.0594309677166542,1.5518239972896253,1.2945718620819187,1.7770863847476712,
-96.43942075239214,4.618122212524067,2.35523764628155,-1.6006382081402766,2.2494384284045306,-2.7133702715697283,-1.8758179916291595,-2.1510496286228435,1.3395405686845039,-1.9117060090798468,-0.14445219207155757,0.4922909434402878,1.0146365219457243,
-106.96456294293147,4.5622324593006995,-1.4871366254549754,3.7321737677198037,-2.8093601777047867,-0.10558977285345161,-2.4883435026254954,-0.49471359865263587,0.7887274975152634,-0.7861976614804256,-0.030798370332877134,0.22514821048039257,0.8506557486464801,
-89.4619873681184,13.233342078413411,0.632069155307132,-1.3760612684878684,-1.645932689802743,-2.0824578510635723,-1.770105850861503,-0.7670441876571292,2.185987517997603,-1.3474798986683094,-0.4977976403748392,0.5501420946422138,0.4441411687922212,
-56.86985236419687,5.414782710979047,-0.7666569464298623,-3.948278076017051,-2.998214766304828,2.530395520836606,-2.2325652260045237,0.36926354815504636,-0.2700572819747231,-0.21679762527177449,1.796297578373594,0.4065542325579985,-0.765014675688962,
-83.423993894178,13.756881633755224,-7.1095341656916755,-3.1825681367187553,1.1949531521563257,-3.609512560072191,-1.8833999236620542,1.0509896918448618,-2.13747544228994,1.955440230674193,0.47484522677633345,-2.035175819644948,-0.9218971699248248,
-83.97055419294438,10.630890878839644,-0.9036884507443084,-2.0654008998701805,-2.4514402484014832,-1.7721945760289302,0.731755625815012,2.237413532511577,-1.1885328869035225,0.6786535596039758,-0.2340280335102376,1.3589013700235015,1.1318008973219986,
-71.9118566965521,16.878745350404454,-5.074767855113123,-5.284631701259434,1.4715034907182005,-1.3880183817020297,-1.5687530832773207,-2.0025969708900204,-3.4231491764158606,3.257193916849377,0.49949298332062275,0.795431045372136,1.5100448130421364,
-85.70172475555785,10.597698857981271,-0.7722804569595505,-4.925344006192333,-3.1472587967720553,1.51626082626183,-1.1717824276186413,1.554050140014335,-0.8018887119334295,-0.5718605255489018,2.371693111321236,-0.4283792540055269,-2.2378207853116074,
-58.021888583657805,-5.569048357016346,2.8431620961981805,-0.25716711215272836,-2.8344854071852854,1.8080069951473292,-0.42352452731981827,-0.9306757417562477,2.9852857514707773,0.5707299023831763,2.7767774306273907,-1.8878856570553646,-1.5317729876088153,
-66.82278671248278,6.587147069473211,-1.993692607655328,2.339508720362342,-2.7774356961046847,-2.5945460999733396,-1.2614285339441773,-0.5652311999143738,2.7141537254054513,0.999518624391345,0.07458630930532628,-1.2525841513803502,0.6904194801278369,
-84.46086547821378,3.934172852049958,-0.05887847918072264,0.9483493799760541,-1.4422300077033685,0.6960972579608713,-2.4911130160617887,-1.6780369052747943,3.239043213000576,2.7143454906581574,4.3316969615671645,-1.6726789472403212,-1.1499679226298714,
-76.00418351087606,8.483871234973108,-5.734892816658779,1.1618316529779578,-1.9104601311995766,-2.8384277683291437,-1.7722435781828163,-1.9839086590344603,1.4396323941581297,2.1729095857869467,1.7654578601345348,-1.9515332060361321,-0.708699843898486,
-71.33699557918442,4.601008600860222,-0.6027277094292027,-0.9033053049107362,0.12533867102791874,0.5458489731358087,-4.321868323585485,-2.089037783621037,2.3729562258912735,2.600936000096099,2.9545420987549034,-1.9010565638793473,-0.8921594615574207,
-75.66012554609068,7.747736104326274,-4.214755393012409,0.7983609504024329,-0.5725792633227491,-2.59209994777639,-5.068347496901484,-3.0273481554589137,-1.4843146466165664,2.993218541904919,1.4263334528149252,-2.7720910092157265,-0.6030322266623647,
-77.82480099647171,12.380317564724212,-4.877961229537503,-0.9631228508118745,-3.9060523458731677,-2.1666379226573884,-0.2676648642442023,-0.5327353915643096,-2.521405693366992,2.427519200491932,1.9272965415529897,-1.2237166710151635,1.9408753962435394,
-87.41725268494747,16.100647985253545,-5.089366929459003,0.5716062621287179,-0.36564401578885164,-2.650763869773421,-0.42363241011999,-1.2098591203136424,-2.6769056645146083,2.961828317397494,1.3447171384053274,-0.21909249727693236,1.771524289722716,
-89.70713229312592,11.455143539178373,-2.1832812658334184,0.2184122195401974,-3.8018662017409066,-1.1336347880219302,-1.3367324595526346,0.6606992336032871,0.19038415933123432,2.047713726232194,1.8704951050011038,-0.16205219869577991,0.8455089988125413,
-76.1268319863457,6.242721573147908,-4.713979779409371,4.862083082599416,1.2694678993662043,-5.10192469706939,-5.03798281427741,1.6071692807432534,-2.4646752944081163,1.9758408176645395,-1.1607263135018226,-2.1018936520967313,-0.507168248614819,
-69.89110319836207,4.640119662208981,-3.0846048834398934,0.5409809422592593,-3.968893360983934,-0.6565831627557204,-3.7548569845442366,2.192274560232637,-1.115620543952136,3.9497597072923267,0.362939161550198,-1.1232028504993776,-1.1434246866752833,
-88.5798188126989,5.351645145754874,2.4978962602347288,0.14843485594463868,0.4152672399360564,-0.145830155817118,-1.4271245165464421,-1.1962491112240432,0.740399545561528,1.5729512072391414,-1.3555048655817215,-0.9798969419494377,0.7362387075890355,
-61.486733643530116,-1.3877584290118348,6.259709362496573,-8.462406008277648,-2.088125845852108,0.7158706794305731,-4.4340946320525525,0.7594042739709932,1.9890316576103317,-1.1141152251023727,1.5004820686908678,-0.8881479198263542,1.915828577274333,
-75.89996726772256,10.30787539175953,-2.7585123882843257,-1.7921802419091524,-0.7720579925319284,-1.7646181226968203,-2.497088900677209,0.46531820560562753,2.71841500204239,-1.3587736894626152,0.16064191384349513,-0.85177511607196,0.5563002307859111,
-79.76890110836482,3.5799464444773426,5.918842124809862,-0.5439780071101317,-1.911256574704724,0.8980828544788175,-4.463047199118975,-3.1330075713486476,1.3393935486708868,-1.1509544826582236,1.887354028893042,-0.5317091134919969,0.08621788261747687,
-108.7956995442318,9.88462039840254,0.7108389879251593,-2.1497222141501817,-0.5670369926282559,-0.9266584166033418,0.5353186222765514,-0.7519814453506317,-0.4833895637452157,1.660494644214276,-0.10234301084755204,-0.8101248529617355,-0.8967176886802704,
-68.87458997355637,5.797324241325851,-9.182488299752562,-2.726157715396555,-0.45003711327432594,-5.527795199958518,-0.8043259674131558,-2.8690955746617983,-0.912170924753759,0.6096119328153953,-1.0511781887522216,-2.2102935806240662,-0.5849986309699107,
-111.62762690674369,5.713748865816142,2.387282892388254,-1.8482462372884205,-1.05183168263209,-0.9688548608375571,-2.1032518944533765,-2.6293226366907554,1.4462210641533382,-0.5013186329673518,0.3841492427422968,-1.3579919004284386,0.11448203539110491,
-100.57363378148844,7.253935415672912,-3.841242763679639,3.9225739335550527,-4.28935073111658,-0.7875661107227847,3.8021110392530666,-2.157712978745648,2.0560574221852166,-2.2878722883597975,-0.5378190707654471,0.2939012756031887,-1.819160268869084,
-84.47212094451328,7.027957908625075,-9.764701708194021,0.9735689969163746,-0.9370146574953928,-5.740624739397039,1.282446016976043,-1.735657706830962,2.8652984874060317,2.4837915735323346,-0.9452989853200564,-0.7333862993203626,-0.34469914317758654,
-83.02882122991618,-0.16873477308075957,-1.518129781541738,-0.6585541841601912,0.39651393558402503,-2.712755293473354,-3.0812408080976743,-1.4377251917976102,-0.3802268931239321,1.4282480748965463,-1.6012766341455429,-0.09807258305832489,0.44997652281318823,
-84.2646884787741,2.537053744863104,-0.9867007160725874,-2.4010080903601856,-2.4767223624813304,-2.53793397507401,0.5242985170921757,-1.4190932151496716,1.3421269417292754,1.0390666280278935,-1.0132246099485558,0.18568449708010082,-0.5329875316947761,
-50.41104698637223,7.127378977683949,-4.68574441717613,0.01927339797078087,-3.1824777736872556,-2.552381793325612,-2.982856058222307,-0.8536952673513709,1.639424554931979,0.9821607564933768,1.2104334178346274,0.7574379393543871,-0.8809248451310199,
-57.24930259069431,4.162668551218165,-1.0090987925178236,1.6922044474823559,-2.8287896997305997,-1.8109059888702057,-2.374284804675362,-2.3545099246013024,1.1389037658797418,2.1027548912038667,3.476694739341619,1.0567578051704825,-1.0246980734579492,
-67.16592123783772,11.57260558960345,-3.3789402584897816,-0.09008486701927154,-2.638481614122463,-4.450520251762422,-0.24022183670427566,0.8686959041304454,1.9774526489096065,0.8645507520801265,1.2576195705504238,-2.130535208673602,-1.4793524030433258,
-58.52573282361457,10.84227610734664,-6.234631504448375,0.47953112033425827,-0.3153971760929495,-3.8123369060407817,-2.295900348821573,0.14922618077184246,1.0179946329146699,1.7383706539837844,2.8715797408990156,-0.521005421722661,-2.1155922306933475,
-45.19018770178667,6.464268347423962,-3.0315315652340002,-0.6899599700252552,-2.9142803059116758,-2.1851394725719584,-3.272039832864836,-1.029824968207763,0.2582104107325449,1.3854629964913747,2.4655418198713237,-0.43894575910402134,-1.8682843428534137,
-67.06804994896285,10.883110310872244,-5.3962120977313965,0.9560560041758945,0.4000985299777158,-3.6077837753464816,-2.9247763234441915,-1.1461026765741833,0.28494539950293873,0.7069250937330804,3.5184739835637737,-2.04942871004906,-1.118495294446606,
-99.24984442070443,5.433043373107939,-0.8757652714999278,2.215964848534109,-4.833731706856669,-2.4295460596684197,1.9252661222575185,0.9712839913866782,0.07722454829416936,1.3327427108481658,0.9717419243192689,2.874089602588811,-0.9827599821117232,
-73.21303291042358,3.491819108101179,4.090460217750675,-5.577801604017436,-1.4446165419430579,-2.68140553963821,2.510496388228074,-0.16735129181505615,2.0496236124001266,1.4714829082576997,0.7131796081581181,2.134473292993304,-0.7701711108681675,
-99.1071777777507,5.136897680773055,0.5104631483789914,-3.879336361731514,0.3202998701696509,-2.039241403907687,-0.12603619748358597,-1.8546924094681025,3.146615909624968,1.7485551069548433,1.5010417391968134,0.9379062519392716,-0.7503291089202504,
-90.63323217812015,4.887398365611713,-3.487497950835145,-3.2966125898878924,0.9476017660360254,0.9701980172680851,-1.2124232559782944,-1.754314896056659,1.645482814137302,0.20620946748864322,1.1761130305385508,-1.2047991479659084,-1.3364153541322574,
-96.56939722157647,5.8290830712662185,-1.9759148042541654,-3.375411390159091,1.4667222145603755,-2.615161590514892,-0.4745670746536277,-1.2978005389906357,4.1670291205451955,-1.0941727635053846,-0.12852380144442677,0.3152602216665188,-0.13631640011418167,
-88.71008400216697,0.8164430276496359,-1.3914204734316797,2.313878713039102,-4.4095663208921385,-1.4012413880224441,-2.588062634622603,0.6071375961081658,1.6740378574968267,0.23616581173416273,1.2258602116219488,0.579634313909227,0.5440206451946632,
-69.93680092472103,12.22575937693479,-5.2690072025918315,-5.274230382885063,-3.0318129107558835,0.32450160260458105,1.3215955017090346,1.261058079205113,-1.389971521704736,0.4890311679600954,2.696146419781776,0.17321512273835138,-0.16262224256344293,
-64.71649426669372,11.168877147033488,-2.7110632342225083,-2.1278050690825276,-0.4803375094603144,1.1272021852490606,-2.723767842495241,0.5078599198483746,0.7629687835521293,2.6371248003147727,0.7311188153231667,0.7022082096386209,0.6434687186975547,
-59.76542394289916,8.046649253148766,0.0343443399751151,-0.876617006185433,-2.4315953259009353,-0.044931347347595185,-1.4157600535343104,1.4543708771360886,-1.3813450382544132,0.6366946804561158,0.09499068234144525,-0.7976751956262849,1.4677040893159785,
-63.33486056164433,13.125295020955082,-4.979105913470811,-2.3973012730297225,-0.4353822443789155,-2.8611017090843873,-2.0738206906965297,0.05333262721750165,0.09369207026017934,2.0690244094599155,1.3097954845842419,-0.5441558546841514,1.3342528139342171,
-76.27441051888883,6.7621420920900706,2.125005302443854,0.9838063358683682,-1.7842985788118693,-1.0209662650862095,-3.5829003707908074,-0.5064307385780422,-1.6318464649113467,0.9515667409924111,1.774836841339785,-2.051029759076004,1.0795128424423237,
-62.26708238239756,5.997853397398048,-0.6326385879062846,-2.460959938523794,-2.558069208518933,-0.07951397812160055,-2.6918762402954233,0.35091042062655875,-0.1908344997059066,1.2127807017499015,1.7510330586311835,-1.2918486038807857,0.06357791018560643,
-86.48431468286556,15.443149305189726,-4.255627002542761,-5.103488418961749,-0.616343173577345,-3.1149850356386946,-2.9513455647510116,-1.0462490164066427,-1.3337207551931107,1.547810201623169,1.928094208871951,-0.6569634111376175,-0.17551487817625278,
-71.6397707862582,12.397904075196493,-3.6095880599909558,-2.033457322105983,-0.975571468131684,-1.2038262304547382,-4.58144209554164,-1.3282130171227964,0.3162753669380476,1.7649766800973508,0.1620008634716399,-1.497456704257842,-0.14434980267019926,
-72.68976175603417,5.696212471501454,-4.545903741887226,3.726546581934484,0.3562052958517734,-3.8965071829823064,-2.57222690916897,-1.4445551361533644,1.4657065110870389,1.12565484618036,1.2500715284436255,-2.0207063810801014,-1.3505728847823386,
-97.19145709857817,7.879541504403153,1.0155558085220724,-0.5140583529559191,-2.2522831272817836,-1.3261940591672499,-0.6285826731768989,0.49279497064544353,2.2653874917575516,0.10066964502652898,1.4539833748107465,-0.3556436752143113,-3.264015227661207,
-63.707449064463674,4.817356169539105,-1.4022745928197886,2.649838926651827,-0.45144033126671035,-4.657296680305956,-2.981493810963499,-0.1928821869136721,1.78690414386186,-0.7035815381216906,1.4473000820963864,-1.2424060992441968,-0.9618300619906783,
-75.44483939826243,1.9632941496136058,-0.7202995012538835,-0.13455910735312093,-1.3603228676662322,0.31564240688454115,-3.3956746863596257,-1.9304042312285636,3.496707703063031,1.3323038897060582,1.903885653584752,-1.4261018791642122,-1.9810692258179028,
-76.07747319629215,3.2020442405881315,2.0920319158949536,-1.0989220180841093,-2.062194390422699,0.11096306568363667,-3.0777486847394386,-1.0003750255036237,-1.62754503574046,1.4621147240370862,0.6138238571278065,0.2993257148847759,0.7114903330366902,
-90.00393159825093,7.85032794563168,1.390663139436783,-2.3465100491486703,-2.0257362331389888,0.613393874519006,0.38018277255567234,-0.9433519844093956,-0.3265397655383362,3.005331474339002,0.33195571999934215,0.09526980735936652,0.012283517124166199,
-87.37348758293355,9.0668683136117,-2.670901449002482,0.5904110307848001,-0.3433008882199342,0.2842794028129969,-4.157706409849413,-0.4213689177205495,-0.2148389230810741,3.9954383529380495,1.6957608318030282,-0.5154263758326842,0.724465126115188,
-94.83388742376022,8.932539199539,0.9220599288917484,-1.8663501737728208,1.003038994607067,-1.3135789982061832,-1.0263595785907995,-0.5568704459341869,0.5821330676649437,1.7099895278372872,1.07823728875699,-0.6886153889748936,1.328960089788327,
-84.2208757497964,16.562211310696313,-6.543802398290802,1.74351239382354,-1.4299297483569102,-6.395075768236597,0.025164831378985397,0.6800891827070528,-1.6573020856331553,2.7889088931500443,1.686926577379971,-1.9150009417335223,0.9591225754906496,
-87.70095193494609,4.046272799781258,0.4268209449003839,1.9891738784531436,-1.155835282954611,-1.2229300829254326,-1.62930069916606,-0.7851386662654001,0.6753784782227394,1.4378427737006478,1.695687455533755,0.3292383584474363,-2.8696061222620397,
-61.48866010460419,3.1709586418941993,2.6535685199068357,-5.469716300060055,-2.411131704105992,0.3714959689237427,-3.7306837830084048,1.0380730836930299,0.5824860539164596,-1.3952862051797466,-0.05190557372962412,-0.7732500206706157,1.6698904522025189,
-94.87698148501772,5.199637732220028,-5.364153410830308,-1.419853308099439,0.2092510736535127,-2.1200751592131395,1.3095052177783986,-1.0946721835028255,0.5003531682223841,1.3059132746721178,0.5803799964326113,-0.68115164560824,-0.8143198660100754,
-95.06726261450765,2.006650855682983,0.6620088809916793,1.578592141507671,0.7231011757188646,-5.562629853210778,-1.093528024274514,-1.4422119895513923,-0.0734728687357773,0.24765581940184056,1.9138615910167425,1.8363812691798675,-0.5704611693933743,
-64.02619929356439,8.557391716289994,1.2424289296919326,-0.18722709839453966,-1.5592891381794631,-0.22193114378488055,-3.9437151216357806,-2.9899554098681116,0.4596369401860745,-2.6426136053922686,-0.4784899093860231,1.4294761850126116,1.4134188551748132,
-96.14309564709956,9.561678235061617,-7.7813922117673995,-0.20425920654205676,-3.456307820227959,-1.6686728822027703,3.9738639771371442,-1.889640790005596,1.094375607295257,-0.2272693616112118,1.2577906763147917,-1.059808954217381,-1.9650726513363388,
-68.89137219675047,0.9543135867943375,-6.008178848896324,-3.3326791900896993,-1.4997110460635525,-2.887693787836777,-1.178993234686391,1.1444000678215884,-0.1652466405288413,1.4737744396717605,-0.3250543897221112,-1.6821628213436646,0.9737919860191697,
-75.89150455613137,3.8014133676584265,4.7809129661090015,1.5664518344243712,2.207476900425322,-1.9975851577916628,-2.8614545383199372,-0.2350037188456282,-1.6308606151218448,0.6473158335464206,-2.9312861849459195,-1.6881963519756447,-0.9321824928259352,
-78.91507494194755,10.700662422565145,0.4556680388198684,3.7047719268665187,-4.028660112817594,-1.9168709606983514,-1.4897695856721844,-2.459943898411618,-0.7843476855889508,-1.8679388715450367,1.171621593941547,1.7306381607393484,0.5280940744352711,
-68.85486756636243,2.1871633388399414,7.328536398808349,-5.8146592685632426,-2.287766630712224,-1.610184488935813,2.5855169272640683,-2.6632502083059197,1.632718296294878,0.33563236509906735,0.88947888962488,2.962386112776433,0.4235235606920982,
-79.38652012775438,6.02565912477699,-5.295499302417044,-1.2855123569998175,-0.8848618342197279,-1.131712913618867,-1.742402749037696,-1.8823691131509315,2.4134351281108,-3.1267332651820916,-2.7711121615783894,-3.021938656923735,-0.5664780261282378,
-61.61109266923747,6.181673011772078,-3.9553614965856605,2.784557968287549,-1.164206329249283,-4.054616746816603,-2.276128469415821,-1.7303019115051468,3.044898528949724,2.285938698102811,0.285854967908695,-2.2203382845825743,-1.1179381769404642,
-60.826110524437375,7.535880534866299,-4.7741763626940426,-1.828145809008706,-0.7605985636399821,-1.0072615701757042,-5.603994953565735,-2.069017282322744,1.111773969989685,3.521921383227548,2.4848675432886576,0.31530456298965515,-0.02759326219702052,
-75.63552922532581,6.167437390814933,0.23482340190817652,-2.653892999204628,-1.6473464468396015,-0.8290583826997935,-3.3070708288614097,1.1905368697496246,0.24914594038465632,1.7632958311510991,1.740054697566252,-2.9042066487371128,-1.0269178750008483,
-68.60977715007549,3.901468864729582,-4.6104688149115045,-1.1507194369432656,-0.17332452554233724,-3.5247228263314723,-1.4382237310068788,-1.6082524566057597,-0.8878144816091447,1.5959464721291892,-3.92476338596286,-2.582613873873916,-2.8715975518078936,
-95.81534203449904,5.288139006420153,-1.3185449990587035,-0.3605693668364789,-0.4110041246277252,-4.549233476017698,0.3051249610821274,-2.56199207391884,2.6852833882674227,0.5705887335666207,1.2710645802358056,0.35159259997152903,-0.43103807244263104,
-87.65554513473018,7.0079109005036075,-0.44060760485474537,-2.817820646478078,-1.219590375971904,-3.651226275859437,-2.4804008521569396,-0.33752066179007034,1.9164224435009412,0.7821034477954725,-0.28239093992419884,-0.6448612447465467,-0.4612816829948625,
-162.26892660654798,9.65878091270637,1.0827373141194858,1.5255208309792607,-0.8103899285820297,0.3037070791111942,0.8627705972092219,0.28379824169864776,0.7150160155061434,0.17426530992442135,-0.45569767428528785,0.8062921792272304,-1.2896129661907647,
-55.03425193357749,16.467870415676266,-7.303637026112246,2.9661108669771643,1.022178630249603,-4.78317136590671,-2.5399369995826886,-1.9518770292883385,-0.7346219347968743,2.490375815873509,-0.5565955235813935,0.5417184464951541,0.9005672251707497,
-65.73583714819186,14.93596193381614,-4.885514751638119,-0.4811098512323344,-8.151801997794504,-2.973464473588143,1.8509490335367982,2.2376326244672735,-0.46410169698534354,2.017746144646586,-4.0185636834414495,3.1924521485986377,-0.11133280794178901,
-53.19317378871491,5.9903336176507125,0.06456648946864929,-1.1929200394986714,-1.649439261372772,-2.130457040702418,-2.4887965054838608,-2.0017326133141444,-0.2364182764805718,0.7404580339185269,0.6466313109311512,1.9148622258278127,-0.6551116020637813,
-71.04359282809278,11.685160942489265,-1.68699244263574,1.599334962361806,-4.220097189736794,-5.409218006560092,-0.5535470876320683,2.1147729607138652,0.20621406802098452,0.0959981106708021,-3.2538439929516985,2.01357412148211,1.8338676223205916,
-71.84879050468747,2.534027239231084,-2.668073448293882,0.9480776308672807,-5.299121571024271,0.7640497085776712,-2.5896115071222168,0.721390476603859,0.5328521012705276,1.4755157954527092,-1.035412988060274,1.8165270690328184,0.24641985087979013,
-66.56417202972949,2.3553579139890966,-3.218134804947012,4.473656411763721,-0.9132234155910122,-1.4949762719142923,-4.211793328159027,0.9986633025392888,-1.7743642199638914,3.2835044199367456,-1.795927873563045,0.12362835445680842,0.39053026134540314,
-74.81955907012049,13.878633055514413,-2.9892294565900555,-2.4207573567371785,0.8112173010102,-0.3968642643597766,-5.613694640262105,-2.423000136081358,-1.3984152070053377,1.8810118689916155,1.3015989704002289,-0.5064902863550138,-1.0563211733208866,
-65.17393400144378,8.2473095970836,-5.060830781167569,0.46705922836800395,-4.947453696444023,-3.385209486913328,-0.2627808803086866,1.2303720133825164,0.32323321404614314,1.9545599651211947,-1.0355762719807977,0.59390468708331,1.369441352990993,
-71.45212300763018,5.180347744859739,-1.6858588514515263,1.147084625639783,-3.949823424464018,-2.6315814116527254,0.19342211602559933,0.4858707172488015,1.8129952717372424,1.0100000614727533,-2.273047127107982,1.7808261353104853,0.9218598592665299,
-59.71320801498507,9.206352995531528,-4.785748701452491,-0.2269542107759186,-5.1199180430460425,-2.919003560508952,0.7240156350204536,-1.6853713161011497,0.41607550199082244,3.090368061617186,-1.3488393814427777,0.20197464320237168,-0.9813475586526377,
-57.5309102622885,5.547667944175366,2.523411622547259,-0.37923928948572616,-3.7219611678548263,0.07021338092763685,-1.0549535373704702,-1.0370087801396326,-0.5925984270838072,1.0081324089428971,0.5257758921247317,0.304161405596457,-0.5458290805318045,
-56.20323577596103,7.7745755339264155,-1.3301811547225069,1.3206860311180684,2.419053059708063,0.048753685380241496,-3.7266473930612696,0.2901909618855405,-1.4668541401686725,-0.5243507441997997,1.8905375530360113,-1.053513508921724,-0.045691231970819146,
-61.87095676578839,2.581326477357798,5.165612788713959,-1.9209656599533451,-8.057475390671563,-0.4368147257885502,0.04376525428970224,1.7442962434546607,1.8682362396774734,1.9522398903642677,1.194765176733164,2.0012481142811405,1.8111772978377605,
-55.3674163872359,14.373350152463741,-4.026132911125673,-2.526610372627489,1.0877724553516757,-3.5852366248745473,-1.991671137141971,1.2869661959282546,-1.730738797005373,1.929724770409028,1.4426214174845526,0.8951247189376819,0.28377330073669027,
-57.04381745761098,8.08096463362628,-3.2215521436793915,0.4410723918209527,-1.2772164823944685,-1.0337937047944301,-3.0399488541435105,-1.3631022126100536,1.3266940164451513,1.7557853906149745,0.14081759794937065,3.526426211927049,0.2605591045030473,
-56.42379766634015,8.652409856579535,-4.421919436503316,0.32222984343212513,-6.506170783400237,-3.459318677881388,2.2098614032643424,1.6342573384778243,-1.3820415415973701,1.5196643859318302,1.2714993381221018,1.9982109373088321,-0.21672538364824145,
-57.020409378137046,9.052312029147544,-3.6624652884033595,-0.6399786650251515,-0.9405380771506007,-0.4332130401638423,-2.140334350903913,-1.441602571799819,-0.10787868411678314,1.6734335356641112,0.19192107039179085,2.8825946817741612,1.3227307554787116,
-69.94081267559197,5.7518438692516085,0.1472849168493977,1.3762867639145218,-1.453336905966712,-0.47091433620418544,-2.5191737380638415,-1.4523835333146082,0.7850311428904146,1.1571569868277418,0.7733074103811952,1.1118985192087485,0.07177465844449182,
-53.99841283530915,7.641589685534508,-0.30157271193396173,-1.5227152527455208,-6.256629227619866,2.380249991186648,0.2825797307806912,1.0576973615110474,-0.22220144476110182,-1.8981763096452338,1.6493862562644837,-0.6994759370277741,-1.978402596382999,
-47.111353381296475,9.570877466308469,-5.725103712059219,3.724659684058847,2.640464770749522,-3.9249436766032675,-4.230753064590077,-1.311602123701467,-0.7473899454856512,0.7452117632438489,-0.31755513487202514,-1.5314024495499154,0.7852873292257834,
-43.50430097335996,10.952083025059476,-4.674030518787353,-1.5606363568235815,0.26349011800387245,-2.7848737320045744,-3.4540004934760047,-0.8345953481863382,0.05570309065065837,1.7634760956744535,1.4561962782981812,-0.014540692661761945,-0.06478035126830495,
-37.49176944870715,3.6493744864115234,-0.24237560658968027,3.4200218698598204,3.9063618532809827,0.3035684779050616,-6.960814357882213,-0.8865228081607355,-1.084002718213509,1.4715046279290165,2.0302136523205516,-1.6967647140034356,0.600176523610777,
-47.040275086156406,5.129160780392337,-4.0687594114862975,1.6966341490566759,-0.3302008326287673,0.4081422308040268,-2.6233133564441893,0.3059961834018985,1.7099772994487905,0.054435086499279084,0.2615178671994589,-0.07235596849856085,-0.4001741014578497,
-62.20001494243967,5.565065162847487,2.468444306966842,1.749035339962445,-6.079793876025416,0.6533128140592162,-4.278221051523847,-0.17878796612720116,-0.4868039448414847,3.4221894739909478,0.5648153569368852,-0.4420583634497195,-3.36315191235002,
-66.12186960189159,10.61103059362242,0.5544904595302409,2.888292701170481,-2.160035453358329,-2.942476554747249,-4.827648997259785,-1.0448008307993373,-0.6695294083317274,5.153408796646846,1.3659888034117897,-0.8463499621152515,-1.1376221936741056,
-78.24359474645154,6.803796797007058,1.6295647425871014,2.77081807044363,-6.128060117872172,-0.9705869611124269,-4.414936681867289,-1.6099311530985174,0.7758988074026911,3.404025143531218,1.4062584560339584,-0.7083101844569808,-2.1064055828465866,
-66.63098990874099,10.257664362879243,-2.3222881572869905,1.0560970690683247,1.1105061944478294,-2.8567019100681414,-3.1527103593058774,0.2503544009659162,1.2901533558633997,1.0343970203210713,-3.1252802962950668,-1.341512159345288,1.0230609607394254,
-50.90149702459952,10.153797627986311,-6.013270646414378,-1.1795784398441094,-1.6012909721637159,-1.914243189037144,-0.3984261843231778,1.0822563455348777,-0.11217011363043472,1.2620942392245733,-1.6470197706586682,-1.0540290044096157,0.5567850837108104,
-69.75931997277408,6.849642145172364,1.2410627121429423,2.7971454262183157,-0.7003421331587742,-1.5017872440576627,-2.9784503811492953,1.6554588887363941,0.8128512701810977,0.028769486016359647,-0.993680010014629,1.06654403284492,1.505434136901552,
-54.6274501629741,10.699247591861994,-6.024859188071085,-1.2598187745911762,-1.3140674102313588,-1.448579999059893,0.511155871300343,2.1333090167512827,2.1001420531579895,0.42038422458894775,-1.835331669038289,-0.12770437786900057,0.13532755906552651,
-59.00818535182678,7.485004743034571,0.47687543216988715,-0.8841829627821278,-1.7596688033838799,-0.27739406333035266,-3.358732766251874,2.1326190348939997,1.2859247261083442,0.8887090947518108,0.3455276721348297,-0.8774098064046925,0.8688250575891887,
-53.66980972281848,6.058790625629278,-0.4750315194946282,2.159349963380857,-1.6165796104834946,-1.215216102125162,-2.3261731235127203,-0.7921666947939849,-0.7717489995897426,1.4079417919759303,0.7521893993611188,-0.05173287059090326,-0.5910148376918889,
-55.12027419515297,2.08959273994408,1.387225135978658,0.782556827789116,-0.8956177960351683,0.9498417017709733,-3.5971506733263867,1.9786529297529771,0.874588407553762,-1.0347926507327743,1.1087368308715333,-0.5666719967014533,-0.328159024216647,
-36.019597591430454,4.066891400377093,2.7348904261808253,1.7175994425511913,-2.7572424791670893,-0.632460992925393,-2.0404141843995043,2.041752990078857,-0.9069793668883122,-0.3407480063081223,1.1150059591176154,0.8018305325927857,1.9712192524532854,
-85.2910354326795,8.978029804360968,-0.4030011884176794,0.8837711154566925,0.2004137500605916,-1.217519469942034,-3.03622354258345,0.3593802744585277,0.8558634025618241,0.5929007750382316,-0.895174001007244,-0.0369825340456269,1.10430938932514,
-72.92339467861065,9.782971515396566,-0.30842388932506193,2.4226316959641467,-4.816349721869184,-1.230426148340917,-1.8702485808351041,0.3065445049905531,0.2686620521533465,-0.0722413803038151,-0.20159916470171568,1.0176411388828543,-1.060355762388995,
-48.591817356175646,9.782231763581155,-1.044063787140046,-0.4982304094172769,-2.475170148302235,1.741003516697329,-2.8262899307927856,0.10747789769829863,1.1283791451508134,0.29778696727135445,0.02011989238072598,0.5090121849647384,-0.32224056086875796,
-60.4022837896509,3.5352024488954643,0.13712851876586107,2.760241611327893,-8.803637041625532,-0.4275311288671131,0.9599630397739118,-1.1329071113238607,-1.107969345651168,1.7848807520007584,-2.945929884413936,1.3612583761205568,-0.7368360753482697,
-60.91430236337456,10.493790222474802,-3.3740982293632387,4.0549366402683304,-2.1932540055452137,-2.2841155642282303,-3.406619720531041,-0.017843869733739304,-1.0055705483447674,1.1943091833245902,-0.7448438931171295,0.765861020736823,-0.1074897814632183,
-81.42671992260529,10.20075058732104,1.129699507405559,0.5746653245152373,-7.768081533897906,-1.3879702028056293,1.0339841016524556,-0.7815624834054766,-0.7045767110999512,-1.3014739891084357,-0.7548401315199116,2.5824355684790303,0.21187720956160838,
-66.66056890729638,9.086230290829999,-3.102365601444622,4.66266566418669,-0.17337323286919393,-1.528112387149286,-5.576213059183661,-1.3850935052188724,-1.0918385417979577,0.9362421950370035,-0.45200985699902674,-0.2607949779366896,1.2476587319071273,
-64.3633758001078,7.248393030380715,2.5479509824672126,7.767999070298785,-2.833892999443712,-2.976181769269015,0.5093712042296801,-0.9725238491398689,-2.1637470297269026,0.3231890287120378,-3.5502797369343453,1.3288907207353642,-0.6977592823149745,
-57.81134739705388,9.828969604034066,3.0880819461706466,2.734134769246638,-6.408593586145245,-0.8384885092296543,-1.7866783860510371,1.134989345530987,-1.5757219963772986,-2.7140073470360067,-0.5036285554672815,1.560270857820738,0.6996265526618259,
-92.92460420665255,2.135900314705882,0.8754010276310984,3.018648462175903,-2.9078398014136906,1.1519128160764636,-2.20636633357143,-0.18309603691158305,0.18749301801186213,1.1928279266794224,1.5949750675018395,0.5742518048442116,-0.20022137134663787,
-51.664773920170255,16.63912346628345,-4.368165015702366,-2.147026261820094,-3.5654435886102753,-2.197711180664128,-2.0390333002860377,-1.6656084625147853,-0.9681033910850068,0.5384360574264515,-1.1655665503973487,1.6449384642172409,1.7444061480142676,
-55.53760240804968,0.15643869231859409,-3.5045423249604277,-1.7799021204111347,-1.7852838559899893,-1.7030687873808303,-0.9668401329930079,-1.5806984448530295,1.193687145116746,-0.6196453962296378,-1.135027820413149,0.6052583962987366,-1.070190011597848,
-70.49539230120618,3.1596261834398898,0.0594166064877486,0.25344088269141496,-1.4405640851735009,-0.011330538153897063,-1.4756923070074532,0.22165884289877225,0.6997300300131211,2.493728212885266,0.06250100289632332,1.659489232296512,-0.5509453384975127,
-53.80231338936871,7.928827417311673,-4.615071738723012,-0.8598349583471561,2.0657313098732137,-3.9061865216917417,-2.5877731378469493,-0.36300499928177965,0.874494948110113,4.448308557383736,1.7554057941022903,-0.6427299828243256,-0.8105283455757286,
-44.906088430518054,5.481696377015192,-5.0435984033052605,2.128255399385629,2.2400313586610974,-5.676858664200832,-3.279219588987761,0.04551449985407485,2.0594630218620757,3.2017452766581145,-0.6342616863144139,0.42289265838264045,0.4568930595636622,
-61.5673682434397,5.461567282493933,-4.6252998934977665,-0.15482805061096405,-1.227971105586822,-3.4774980423822686,0.9148744793579082,1.2540333644107609,-0.5453619173854429,2.7992096932689856,1.3977217060097424,1.2375467352309624,-0.5554421571053081,
-70.73627484458386,-0.429623710372967,3.990931734705135,0.4603548431117801,-0.66325170609678,-0.08474710420100662,-3.4191547790119876,-1.5482685249328645,0.6791978963121288,1.2424843219573378,0.5323998861580881,0.8434838629550685,0.4537489688612131,
-82.83403551822185,7.393531177458434,-1.2743984365847365,2.4667652744652977,1.9514279088834865,-4.454955533197886,-1.4530610551298921,-1.5135030155151297,-2.2365369831054474,1.4319101593620855,0.4479489474088285,1.3223085473799974,0.17114586063123438,
-85.53937930918252,-1.1986665767360334,6.354653090621142,-1.0052445608706781,-3.1753561510503148,0.573047738888349,-0.8922575730434228,0.4266238940649312,2.551861886345069,0.3305644227041533,0.45338121428984746,2.118938651355472,0.01900542104493841,
-66.8225311096342,7.79825240621035,2.3799553910142173,0.06187700291441223,-0.003247734766306909,-2.6040295170220418,-3.2563471667959156,0.08863709573145728,0.7873821187747798,2.1318736246371155,0.7675964402035884,-0.15746801067494376,-0.0019437000173283536,
-56.29438803638339,6.868202966930474,-2.3448361095692123,2.6512977818474646,-0.9693455469530754,-3.947021512283778,-3.2321345056082715,1.5688505331623706,1.1838409890232033,-1.3886874516392487,-2.4727883162882645,3.0998364681270942,2.0565814461307723,
-57.75924151000878,10.934755291070793,-6.117162521895196,0.13091538260332225,-1.8633854325441623,-2.627597196322858,-2.7372698471694115,0.8907815228994753,0.6556691737351423,3.217916152212905,-0.2739817432358236,0.6923036120226977,0.4926055593806433,
-71.29191200821995,14.671901903255492,-6.313725284438786,-0.16932758865644093,-0.2700952720708836,-3.375852988740389,-3.83140610010052,-1.3594537195702516,-0.29237464062173535,2.9764223510754237,2.766997054690381,0.1256231419184055,-0.9721489886454924,
-60.30621975926392,7.584732180549009,-11.415045415369171,1.6941304285950691,0.7997175093551769,-3.997375161022921,-0.5116705042221281,-1.3871792482084149,1.080686199424819,1.8544938037614802,0.504106024388352,-0.5580377092117437,0.980410632885043,
-66.98350384834053,1.3236913641728494,-1.9381475401313635,-0.7018612733076313,-3.1294339327107905,-0.46471305385757766,-2.126723807120942,1.3843777052036481,1.7053170712216281,-0.5664053598729342,0.356297606660144,0.7738915312217536,-0.30574036593916354,
-52.03577823888483,12.921353161003928,-7.467787715926474,-3.3647100905582175,-4.572204870517474,-2.602269083539491,-0.4240976353816617,0.8043826619674972,-0.4710870119942454,0.09767699640020044,0.8846516607023545,0.21521494872246016,-0.0604548862987917,
-59.33527050662199,5.5110600512104035,-1.1501668424239817,-2.3771143961619763,-4.726352484182698,-1.4071433519358214,-0.6855017782583048,1.585293443502545,-1.704801236048939,1.652628784725883,3.004519929330965,-0.7627051729793486,-1.6319530197983656,
-64.8379804960002,7.8381892602363425,-3.946664625568657,0.8665434440982227,-2.0237686150416194,-2.6935677462704097,-0.8996792849899036,-0.8814253261679852,-0.4541042771147614,0.4402624703911133,1.3950075660944252,0.0714736373195839,-0.7366773981906616,
-68.28329860556249,10.784254273526138,-2.289820287838944,0.781936317778654,-1.5331827823623447,-3.1070856205405253,-2.5502159315812962,-1.0255527286767672,1.1529756540508918,1.2183665601284468,0.5633236412640721,-0.6696201526968344,-0.32739257451679515,
-66.25203745076335,7.449034242950913,-0.1524774498849868,-0.7728188431688308,-4.672379337067355,-1.362691231241989,-2.2049169107238766,0.9151047098625664,1.3184987614895554,-0.1819446444772912,0.859865558454096,0.26787132808310865,-1.9553396067199402,
-75.32387890429185,6.368473248387585,0.9224219883869571,2.4259994297260064,0.7011038806544354,-0.17494169330871046,-3.4521424833723833,-0.5690139804470018,-0.8977310099579632,-0.5277961214907387,0.9319374772579803,-0.7025213226279741,-2.3938053649139803,
-62.10029615436716,10.904136440464796,-2.805882448391069,0.3885413933770372,-4.550028848368415,-2.2614116924423433,-3.598652751185364,-0.037931021709629587,1.2928603964414322,0.14105887572517828,2.553236803098583,0.5942675061631433,-0.9571384081757586,
-69.39236493405566,9.653133652680317,-1.5312014543402652,1.15609176539812,-3.278857440659767,-1.254144003610282,-2.2851606209018307,-0.07498558545665679,1.656979243887085,-1.29630492478105,-1.3332848736516167,1.959085890792462,-2.060014060839938,
-55.83394802123386,10.092207932669238,-1.0673575357082719,1.5413931997081658,-3.5711480584928568,-2.639804617475708,-2.3620921312869108,-0.7653012806311574,-1.9884788205256982,0.03465990676350872,0.9639500114783761,1.6023717659304433,0.21450702198922533,
-41.49531029403729,8.415196004907386,-2.873815267295283,2.5570166802662095,-1.0064184155421976,-2.7357028246140107,-2.7099102016964887,0.2946164126091917,0.08335254341903786,0.7113975841440014,0.6502672184208902,-0.46465847780508396,-0.4558754173320514,
-57.04674597713412,10.87398530071913,-10.206831966927869,0.6354019735309588,-1.6731836676969678,-1.6601254611403444,-4.973130202770878,-0.1336843784679047,1.923498120434095,1.1228771082447224,-2.7167147192194467,0.21622964324041627,-0.23230883444044537,
-49.97984996283532,9.99724634548651,-9.285408391717452,-1.255629350808117,-1.2613909422958431,-2.0414141888946933,-2.6725128485565426,1.678126708664676,1.9726523290968938,1.1474772465568424,-2.0541434831473913,0.3310301193849803,-1.9462473559197968,
-58.44314444783752,5.843780762338337,-1.5420780198651771,-2.9766616965518957,0.9750259614816872,0.6111346963836128,-4.092947977673694,2.386791474237496,-0.2899408267654042,3.4615975254222624,0.25102219916101864,-0.10793693917007463,-0.7869960758941448,
-53.384870547898025,4.129109837001777,-2.2652168701104056,0.8894902363866959,-1.3149158734530517,-2.8047773826866744,-3.871336235902839,3.9549465566505915,2.7019705745102853,1.1349032851284084,-0.5066287889356453,-1.4021461274430576,0.9024474305461929,
-47.380424226309884,7.215669913761884,-11.803329327626416,-0.4207602958601169,-0.29394631325212295,-1.065280077262651,-0.6300249613516051,-1.3460326489773085,-1.1135971232847695,1.5325865860762682,-1.512901308607553,-2.6836631105054756,-3.4755466974066014,
