-84.62694370467844,12.708402240154875,2.0964441678566743,-4.703218055196844,2.000664744268097,-2.0227575431843015,-0.5411897950496125,-2.624200387374451,-1.0022818629354195,0.43451813386756655,2.1899869423699236,1.8500474047637439,-1.4178598061171779,
-52.45582380931802,7.082104725492805,-1.1449958255042167,-3.131945381900556,1.0442399528288075,-3.057249649676994,-0.45298634347278854,-1.6550476095180815,-1.2582727007419539,0.527350089479226,-1.138559578824939,0.030594820709306303,-1.8325871497729742,
-87.66259353813265,9.824442776757033,1.2108461603092655,-2.0337501026964127,0.15373771701128547,1.900590573910634,-0.8216887842968479,-0.1709465832389947,1.8396535236972311,0.4837312266965932,0.7731440133405534,1.782255057042181,-0.8087995151361458,
-83.86610642121252,8.43372157158264,2.4966314281270616,0.11437488084428526,2.486049283632608,-0.40319324433457826,-1.7160372189200035,-2.893812610230351,-0.8846398182053443,2.1150072022967175,1.6269403083350769,1.437392732792535,-0.07748942132525682,
-58.21612553548678,2.2633793238863187,0.03378807380339399,-4.342226689064831,-0.19545167527836171,-6.308613997217918,-4.958651722879201,-2.7462856637940107,-0.3697662063994116,-0.14704515142374341,-0.7354585622705676,-1.185743606185684,-1.79126720949264,
-50.928654991944086,9.246749205450898,-1.3813595482232328,1.2219974222067362,4.155487241225995,-4.880535352814741,-0.9515237197434643,-2.5195260204145193,-4.919206389728542,1.6546735798308,-1.8339564241855717,0.400618984533621,2.252326935197358,
-73.02777150759431,7.5070065432449535,4.0812983675843615,-2.320144453667763,0.7884810547171606,-2.2253218421103234,-2.937376628533703,-0.018518411533981816,-2.5637799858100365,-2.190401778117481,-2.0703522367230667,-0.1082344196320788,1.3802484646982247,
-51.903741070125726,8.441020618771349,0.31847706490689154,1.303705630042562,2.525888461922857,-2.520218997135608,-0.9468699817788,-2.7893075992348226,-1.935432994827373,0.8450309234206361,-1.1159927575789308,1.9358263436990488,1.4628974144195281,
-59.48006266605268,11.179865243502618,-1.7858602067616451,3.122316669535685,4.756410498957557,-4.465583853845051,-1.461627995945551,-2.5667862855390653,-2.4082161958642994,1.7232171036586883,-0.32084219902323774,1.471719892707339,1.5970252531027724,
-46.932108046569034,3.5009939691374603,-1.5670146579089939,-3.3268112756758454,-1.4859820610576269,-5.6443118186225245,-3.0547659936719502,-1.4841501738129226,-0.5727464371865618,0.10839808628287195,-0.1948081406140536,0.7390440106243199,-1.9034319717463497,
-54.108777790301026,7.195663550101495,-2.6701244694078525,-4.623947000849493,-0.40835938744677414,-5.144421985889153,-2.090493494112669,-0.10057080718620659,-1.2481377252208357,-1.221639237313807,-1.3669047549078674,-0.1757957557760783,-3.040689751733308,
-53.31568752966808,11.145401128265746,-2.278303303793598,-1.369169019378143,1.804131195973829,-4.854023803805973,-1.9048159459420264,0.3291857252560284,-1.0691694554388174,-0.19401838946999383,-2.231917506537454,-0.6202378830576913,-0.7595610946939373,
-52.349468211108146,5.696723257652001,-2.486508747102294,1.3801896215137703,3.2109787858029035,-5.567381528777087,-1.6397398726436903,0.11406074560004376,-0.04008228340972275,1.822676562619511,0.43310213807394615,0.3530036447482001,1.8005422015608101,
-38.89387893391694,5.333498527651847,-6.067710458447834,-2.7442993207196262,-2.718570320194064,-0.8199260359180753,2.353068484141169,-1.9038175022962127,-3.257917768561104,0.7390598505136006,-1.3636773200377021,-1.4049227820602816,-1.0143893690206789,
-50.27795475122946,7.111158901438653,-3.099907389852269,-4.270684646106597,1.0091237334765224,-8.521769113732116,-3.146597573349727,-0.47501702785290645,-1.0303013032038788,-1.736399805351206,-3.0990819328127035,-0.7827936438515046,-1.6695652281687874,
-68.78217930692465,9.907934913892662,-2.80277157169172,-3.237527324167553,-1.1000467094166653,-3.5587139554940435,0.9260146439886303,1.0534414007078055,-0.8509819830104464,1.0960331649609614,1.6140238250148475,-0.09289081107714825,-0.26385079106692055,
-56.02604952844605,5.569295079660977,-2.621505147393811,-3.258234331330423,0.3698270212928336,-5.957178140962844,-1.558274980645207,-0.5953008334964123,0.3271956032294958,1.0750152138181202,-0.3120395374346856,0.7546902233074713,-0.8179439966907467,
-68.28285122548571,8.550135857610972,-3.7889803259792054,0.6078396265746,0.14296134003941408,-6.905503197330771,-0.30346088505829405,-0.39902139378050405,1.598485518026978,-1.183850539593441,-0.5450341232877829,0.757899374786875,-2.8012453242381836,
-66.1245424121755,0.9680844507636723,3.8195810687879854,0.6836754192723131,1.5508573877714191,-4.4246815323321265,-2.3630258258016967,-1.300147718086364,-1.1592102577305377,-1.3816321877966253,1.8072166030215993,1.9181510294503454,-2.5519535750867948,
-61.77378363982181,8.501936613238485,-3.5314088092714044,-0.820290406439057,3.5677866880122444,-7.230366066650935,-1.7347572432719476,1.0741241672434212,-1.5615104657232521,1.1735230387650009,0.6791698503838499,0.4720023285739443,1.3000163089654562,
-58.639014549061784,6.877859489793741,-0.21929396129001733,-1.629205728048737,1.352063579281718,-4.539605333068039,-3.5826454974883313,-0.37600609338555513,-0.10805110135935614,-0.9192816776481818,1.1073848811768205,-0.6838732931144045,-0.3860433732650712,
-65.85958597900714,2.6317280171491797,1.8724379229587966,2.132275897585182,1.449176728569212,-3.0512692394437404,-3.824796685213119,-0.8070137199940945,1.0769480816912416,-0.1368127429398034,1.8731355855405796,0.43755189857281107,0.14281318630527973,
-71.23749319936061,3.750358487111532,2.222311817363561,-2.0408226314312654,0.2884104238210914,-2.2571420004921157,-2.3874376036992686,-0.8199514291916894,0.4692136500576738,-0.46358799905737547,2.4335686029125427,0.7993175036754716,-1.444763583992613,
-67.76913645939098,7.6462530431731235,0.6028358275364103,1.677753151176931,2.314477739620985,-5.414486870547047,-2.6413811886545817,-0.4989016648075548,0.656717684351992,1.7886804267102856,-0.5950157791274941,1.0788421274595863,0.40519464188815224,
-61.851261104388904,9.116342285528145,-2.458738610327284,2.1101713114352894,2.0179734941923115,-5.977823154948084,-2.1690170806169586,-0.23374095841457887,1.6237971968181455,0.5133422650319046,-0.1811187334759694,1.1028319742829078,-1.000659789747751,
-65.5433644376635,15.028483304027798,-2.787950143584737,0.9378753564877207,1.6349667858680936,-4.6082673434737185,-2.6117549771621213,-1.1619138544656278,0.19371117766456436,2.085084111111657,0.9665784456632625,0.38233091676463626,1.3285748228117793,
-67.31496586773892,11.45920133122735,1.0924328132002619,0.5641282530094638,-0.9153902964408549,-2.4497432705473763,-2.6741900760323882,-1.0829224849442598,0.30288844463467335,1.4987931302455346,0.46641025183183427,0.3876851974448967,0.5560981135508358,
-54.39548833895336,6.610890178294884,-4.577295902948879,-1.6316718732886395,1.084249705676617,-4.376332839651782,-0.08981180957328938,-1.8603242877500028,-1.459231146348929,0.9004806365293696,-1.0211389614673656,-0.6759205578676379,-2.5285874011921647,
-74.53366479398144,10.64576522384802,-2.3739656155615148,1.6043480783563497,3.2341464729756253,-5.448459683617416,-3.5135995430660185,-0.9435618161845789,1.4783991873397144,2.2861032579163973,1.47181642998948,-0.4028332567257267,-0.2844706354258788,
-48.71977203643743,13.835681636472966,-4.299633673111657,-2.3842595956945805,0.6701216169036481,-3.9921882893497105,-2.6949750671687087,-0.8448858730108477,1.681227714544319,2.192824162222377,1.3335494849291214,0.7844846878963194,1.4274253922806652,
-69.08184169167967,10.818727194835215,-0.5653113888880759,1.0451281861641908,3.01831415123431,-4.099350091062184,-4.357683590457343,-1.276578061693678,0.49831656045700656,1.3880312136716166,-1.0125574762456067,0.5688139608057852,2.8029834196140446,
-68.71094367085459,9.228704756149122,1.8482235143443604,1.2346027670416069,-1.0143857718179108,-1.8001968143056746,-3.231466400030313,-0.9333388605745792,1.2405168257974761,-0.5189712700211073,-0.504627498787849,1.9800572690418696,0.5311954470706164,
-58.460898822687994,10.934963665276634,2.2015807227103186,-2.9060770843791537,-0.712622058109146,-2.586196340346671,-1.688503456662245,0.07784433619137587,-0.8507587305074964,0.782584616297509,-0.49631501102458864,0.054048024342609136,-0.05981633112067586,
-68.9424592437785,10.103984178310675,-1.7990231599932116,-2.153937978688708,0.7107412581910855,-3.2353289691836196,-1.8932481062144235,0.5095054685310569,-0.18773233508747866,1.1288752274371117,0.20923563890185903,0.27634616423017055,-0.5964103737850928,
-59.109739008152985,9.059595567170708,0.16559060515576096,0.9137019566095881,1.9380045841374458,-3.4913653040025294,-4.5261799414940045,-3.943416768237075,0.9997120176101704,0.8784122495900824,1.0451918851902362,1.0651204369281602,-1.131011986624647,
-75.64385139933871,11.398725518876457,2.277755649618254,1.9530580500846182,2.7636791007094152,-2.4569632757361397,-1.4221208893340167,-3.1979749119048213,-2.0136916222894823,0.8904817417578159,-1.1305122045570852,-0.054437589200572845,0.7040758476480935,
-51.203399899282324,5.3851817416190135,2.3569653658134633,-0.8290962122420225,0.028087743430959655,-1.8422447339579615,-2.3462358652667437,-1.7104290959144701,1.1535747925490853,2.4819507228209337,-0.10607951875458266,1.4056473331844042,-0.5879415368857959,
-60.45805849117076,12.10172644840756,0.19336287884540537,3.687491165429244,1.348997355143657,-3.6004168342983798,-2.7898557773795707,-1.566383878670278,1.294082874945257,2.946612014276395,-1.5382884803491306,-0.7101034715152887,0.8074942013720943,
-58.505904714324814,9.816364547892732,0.26808171308861173,-3.6936781505482585,0.6506998566098283,-3.4464343984442394,-1.242298264842258,-1.5977519825774427,-1.3451938481694135,0.8876295340268321,-1.192932321598085,-0.10034988273683654,-1.952342548133906,
-57.728372282689875,13.10837166830882,-1.0248270061281697,-1.469311020690082,-0.17185182738683658,-3.2071324518391404,-1.8512882005753803,-1.198153788649451,1.1402029979385615,0.7028984322109453,1.4813366036596407,0.5653825388567721,-1.8069827777447425,
-48.7378994567769,7.8952865422567164,-1.1585267194818036,1.5195553718298052,0.6916584672206265,-2.914998881667562,-4.615647011464839,-3.2052713588768182,0.4845852736094769,2.641693136964325,-0.19060714096387166,1.6031512499921448,0.41612086718087715,
-63.55551190549183,6.155984726931774,2.8196347898401273,3.2929255922277716,0.4707408030020095,-2.024093453421685,-3.367075335328833,-1.6047650930093806,0.4581389981749404,-0.2962992767451076,-0.5975207566658849,0.10703460485498173,1.127795275885774,
-55.787795665231656,7.577469791730467,-0.23438414632466165,-1.0719629036366571,2.721401273730332,-4.059911209958477,-1.3537513625755366,-2.7481483268883453,-0.44659143167792203,0.7942687477366924,1.6105503767211389,0.2605185086720243,1.6135722770897507,
-82.86617847271579,11.701724068639528,-2.870930517970449,1.0162140471834098,-0.9153835368113299,-3.581390308952259,-1.3106615930311367,-1.133718876282039,-1.3039820487486122,2.2123785240433183,0.6568219670923416,0.1859333813066355,1.5254703956556854,
-64.62610351434347,11.677162324924584,-5.896732961850508,-4.484188256157275,-2.5564879017780795,-3.5250897627517364,-0.8814030820858694,-1.2041089266717808,1.0076545294317296,1.7816215745382027,-1.109490765974377,-0.8981436839258548,-1.2771074363896102,
-70.12467205495211,11.292444724181452,-5.656296068949178,-0.16255526617751492,0.007656188322633373,-5.9053782420750895,-0.6142425015450708,-1.3302993131425858,1.0619027471169722,-2.1758890066280627,-0.8729327527050588,1.2361502012554517,-1.1249536300295055,
-74.02462445569671,10.044125683395446,-1.710206690247404,-1.4182785457961273,1.612506875336376,-2.3380321780151703,-2.6034445754556517,1.7317001001301298,2.2626397789769706,0.1717412630433759,0.5386248770614874,-0.09807676263163101,-0.5455215131335023,
-81.5016466244206,8.663349083223386,-0.3446793664350247,4.208005261850657,1.177466550971828,-3.977197064773208,-0.4873531827903803,-0.3503648306607454,-0.5036181908316002,-0.062645512311017,1.5818362252049338,1.126127937360316,0.4447785341111161,
-52.61137926813596,6.5973507158642,-3.867551660450751,-3.241051535358732,-0.7822126217022907,-5.73537956375759,0.48731768253039665,-1.7564308807411066,0.5393264159609172,-0.4169922653699638,-0.7513532506634675,0.22866628190298988,-1.624404231375424,
-67.99450395197177,8.458206185961778,-2.342657591551742,1.7268514302545688,1.0608835323249903,-6.13293369889937,-1.750881088893649,-0.3590216723274935,1.5551599554659736,-0.20882887669112327,2.3398603388186032,2.1671550001089033,-0.5406862513580721,
-71.66592553850519,7.5359430402056855,-3.5998296620079913,-1.3460397989102342,-2.0020011524758754,-3.722601518712554,-0.8083174674624969,-2.536794188005482,-0.3244690495684379,-2.5113464597914454,-1.925619831360011,1.5633863063415379,0.37727595038580386,
-76.9757912936661,10.212022796467588,0.7801802602742529,-2.278646495707626,1.5014787079951066,-1.937658605603238,-3.4904394130871843,-1.8814713632122206,1.9480372344371677,2.0210027171349925,1.0660210234149292,-1.098365439936377,-0.3900000243914703,
-78.90560560117368,8.177819896355153,-0.3419669565382506,-2.202042296880854,2.539784599365099,-3.869021722057698,-1.8650669459088456,1.2086171430542807,1.1605648775155517,1.0681572475573786,-1.027347650867365,-0.8274034908640013,-1.7823255860196165,
-59.32331749562272,7.616401960442208,-1.5452721661690934,-5.0625853276673665,2.999065849110199,-2.2221277521544156,-2.7565753111049762,1.7674022931487177,0.5475896759998702,1.123763317421167,-1.330839131419141,-2.3753562274879143,-1.5091972404065124,
-79.71180530443762,4.566086749232691,0.7618691346516253,1.440380290345725,2.8975404473832915,-3.068973743991725,-3.3310775330768463,1.5364197131984179,2.4024381488233075,0.37811422194891486,0.8692415346089755,1.1830182792201351,0.4045581192130192,
-60.239868096378444,8.075923754496605,0.025807528000834523,-1.6585785215058775,1.778719732015332,-4.1597088621218425,-1.6676543737540754,-1.0732921455479079,0.04785936166763083,1.2446043911900018,0.021898760968585673,0.4913121066222801,-1.523355832213337,
-67.09955856918583,8.310474477953479,0.5329726277993396,4.740691894358888,0.6216806907386627,-6.859079899580605,-2.650081340222863,1.9346693445784755,0.09893011015385156,-1.2217731198213815,2.865620587946628,1.272971145895312,-0.3054048156539366,
-76.30128575827517,13.94287853255905,-2.2197658722890763,-0.9223950282938915,0.46734753313020594,-2.9918906127035214,1.459525546744699,-0.46653765328488017,1.049065468183445,-0.48894787443799803,-0.18045720711999902,0.4038869607995319,-1.0462668817890575,
-68.80026118123314,6.323948364876433,-1.2725188957343372,-3.7111279391128056,1.1814859420584485,0.534748408628257,-0.6587418943341627,0.14023734815078948,0.39142964734460817,1.7593173583771895,1.395559015486226,-1.1148578812046641,-0.6660056542303705,
-79.3692755917464,12.011095947943648,0.23725485187087259,-3.2709125466053894,2.517717619393392,-1.0486854732290753,-2.8576601315748005,-0.7301801708531408,1.320553877253574,1.0930152508328415,1.1726111961168537,0.9046077534916619,-1.389260819262641,
-60.44967926652925,8.575468582871478,-3.2141763923829343,-3.2318622296351176,1.9657873725210409,-5.278086955443422,-3.3746961041116457,0.5162668959694132,0.29037029579888074,1.3328465424654796,-0.5340305130259844,1.2638066442725586,-2.8919841099521646,
-72.77029631547408,10.337801273278355,1.3890225494906971,-0.32872924580556573,-0.08694494097354832,-1.4175242403639006,-0.41237609630722805,-1.0705124720381183,0.8384874236221243,0.23664706584110728,1.007793028098384,2.4766856567219473,-0.023441304884397773,
-65.87201657016136,7.25002797775085,0.9536807998378776,-0.33150862583320073,-0.0037050509197418258,-2.390258883782398,-2.0104207471711932,-0.08116488767860774,-0.7431510006283335,0.5925301106882159,-0.3759659743159278,1.4966140564500536,1.1122754065403622,
-50.74965272790117,7.337895831060942,-2.558377116952014,-2.451959647651269,-1.270395574862962,-6.7179328085250045,-1.6333339117978674,-3.1617653794625125,-2.271702210673462,0.04218911697845673,-2.4764630539312025,-3.1859252062329073,-3.500107673779004,
-93.74698123696498,8.455431099223842,-0.7755628054184482,8.026694039877336,3.0925777420421134,-5.250727180115082,-1.1622633741919306,0.1928410459360146,0.7374050777085852,-0.5424108775909415,-1.4085922692728938,2.6488764014759942,1.9722397259983127,
-66.06575249123216,2.6136854278692234,1.6255166287179201,5.000172124639931,1.425810639344419,-7.252503202813506,-3.842569845576582,0.1865604894707653,1.0034785886038184,0.7533575898957401,-1.673300248441079,0.7015689021440856,-0.4867380298144146,
-71.19076261281762,7.5765739968816534,-2.9053450253767505,1.4834672300255463,1.7417698717118655,-5.821845738868216,0.5619032548143887,-0.36268331548171817,1.192596771885809,1.4416817540194151,-1.6114857736748185,2.720949994506963,-1.6340908384029347,
-65.64417716736399,6.234727172159028,-3.1671838047228187,0.4728168287661423,-1.5524217274809113,-1.3568770266144905,0.8889622588660142,1.0846087938329223,0.20766208854185164,2.459424200626684,-0.3499817854978531,-0.9536765098029294,-1.6240128227244197,
-52.05436110869918,3.5385716501455162,1.0710638577867098,-1.7762642335543894,1.236053215290445,-5.514382348371907,-3.376036109565742,-0.08607809927832344,-1.0248145265572133,-0.5968801081555211,-2.0257362544616986,0.6359390573923169,-1.578593795419043,
-66.87209122740715,5.00330049372553,-0.06890371075758939,3.2984555365719275,2.220942324896881,-5.502052665210917,-1.4214474622128452,-1.2579441612987576,2.9973566262836453,1.9385549981933048,-1.1685993204297245,-0.7569219212861644,-0.2938776471623066,
-65.1029705487694,7.00445410162998,-1.5845803892888148,0.6839192247978363,-1.0608884760949362,-3.9398409665313854,0.9826765097900445,-1.6488823772048247,-1.0706956511605799,0.7824900172545499,-0.5552465232286714,-2.6464550787577683,-0.5552196968840435,
-61.989059334300684,8.209852019079339,-6.199032232140933,1.135297913129968,0.37218249790882263,-6.070151653790762,1.6301322984705782,-0.2828338463014055,0.18018359360467695,3.1178564101539945,-1.2223206824131978,-1.4191584406428377,-0.12322681301762817,
-69.81861316354666,4.13873108184997,-0.7177893534442554,-2.4689223657799646,-0.2296205987612998,-0.24263799843322165,-3.865657526859981,-0.833526542430735,-0.2146850261980937,-0.5183964494991442,2.062438984411209,0.9922298444256601,-1.1339333965584344,
-63.62189058112173,7.299783072928458,-0.03782973964206571,-3.786743250229852,0.1808669595655754,-0.8046707228434893,-4.402455325533979,-0.6379771565530103,-0.857518980675487,-1.7032755126485704,0.38580538373710693,1.1064964699453648,-1.062276123332237,
-52.21594840755432,4.530339426934283,-2.655485201293084,-5.871825795214377,-1.0781422582968427,-4.319338316467402,-1.8856756409306605,-2.1922300751800794,-2.512909981404558,0.42797786670825433,-2.394800711385064,-2.4339924443153564,-2.822090083759015,
-73.45857726947068,2.7239351229876303,2.5682477564008317,0.5960854336918056,1.0698032698692677,-3.3175035531306665,-3.725686708798961,-1.3181368892705296,1.4073336626749628,0.06236428604014321,1.107506501510934,0.06702104957213706,-1.467940466875458,
-61.22106521373937,12.195114315781858,-6.77225104938442,-0.1343034335347877,0.8104388857419682,-4.186865041668723,-2.2592015524111217,0.39692432265425737,-0.46059906015334606,-0.7428371872123454,0.9608887222683378,-0.6775878906530783,-1.748721221479014,
-58.669029418858614,8.301861307687835,-1.696664119416753,-2.3115178116253747,0.6021318646086966,-4.066739783899556,-2.048161513687241,-2.3576820659303457,0.010349615360663922,0.6446197780807903,-0.8912880227488353,0.6383008310563043,-1.07901733129461,
-57.22796079833517,9.298766402133047,-4.222089853563936,-2.1281531639780247,2.71572001066561,-6.054869158721475,-1.7476055773673163,0.5100390377128399,-0.4427177379968841,0.9192999310121888,-0.05525895114254231,1.520022746087146,-2.861920489478315,
-75.75901440238631,6.247822644359662,1.7502647709141277,-3.7031728715993095,4.338308363056795,-3.935035180081566,-0.6711337216029156,-2.358127485783611,-0.604669900061471,-0.4333472379033294,0.9884093342503779,2.27383921713393,0.9928402328789039,
-55.55802688829047,6.777743893467244,-3.3802056514968686,-5.081227937229631,0.49267570710053743,-4.218502519338083,-1.7398335951051318,-2.048081497169428,-0.6963471360832607,-0.5782662292130043,-1.3296417112053216,-0.6923015605566301,-3.1389823824295777,
-74.99441074888949,6.222363145738089,-1.6974022223892073,3.7497631387400263,3.022525718510662,-5.628917685333405,-6.154990312636861,-1.1005961703099172,1.9328769618698267,0.09019558114385662,0.6650134450541691,1.6374983642139491,0.9411879242171577,
-58.65664187368485,9.152031672391821,-5.601954871339946,-2.825565399944641,1.7874846962456759,-6.633944615248048,-3.0203261128683985,-1.961162216999087,0.9235339010103973,0.22253590449722838,-1.3008496517657608,0.7476212210428024,-1.7729725966308818,
-58.69249813398591,6.215379420619108,-7.145737713565962,-4.340377868120796,-1.7908585437393962,-2.092933154454096,-1.6798996102655646,0.7064321289316386,-2.8154992444339904,-1.1478157649192067,0.2959714292970834,-2.1805042288791627,0.9196928886012081,
-60.471393885893555,3.0902363010630194,3.853201177703501,-6.5655137292093375,4.199379052540344,-3.4704384645972244,-0.8325209232785958,-0.4576324464286583,0.10418064048286646,1.0034384700417613,-1.4843935886681412,-1.3856358540407947,-2.706605377698574,
-47.584163377423025,3.8039145749842556,-2.1814946244479243,-0.6297742063243392,-1.0522197335193888,-6.321581241629011,0.8199922392438928,-1.4237994292436424,-4.2282326444054164E-4,-2.5928009303419017,-3.326550806347541,0.4827191318276314,-1.5130314395436446,
-63.587313234954394,5.316403446268772,-1.8788093392523462,5.222414266200847,1.079437434006016,-5.832009460415291,-0.3286189380173261,0.46449356168933953,0.007920025718866519,-0.08239817353139633,-0.16444609607621574,1.1076741080343524,-1.2620266197715497,
-49.3109133578853,3.633758343911115,-2.1197235319098637,0.14320932842249645,0.10490205948070974,-5.284888948044326,-1.7507586621159223,0.9241689100852366,-1.6687366686927676,-0.7735720173678753,-0.9381983246943939,-0.28259670947213156,-2.863064289785245,
-47.45166317304237,4.810983827756081,-0.8526077988917717,-1.3322240078326884,0.6201846736615768,-3.1934228416238195,-0.7773724442715271,-0.8613893267903405,-0.5769066208597233,-0.4984255729295519,-1.0598834031866557,-0.10086412594930594,-1.1201262024516074,
-56.89294912208929,3.895794437102126,-1.953564470919217,-5.112338491787998,-0.33544763480932405,-2.854373686808034,-1.3417838759462044,0.1348540596757748,-0.1350070604660174,1.799839223127647,1.110881521399387,0.7508544403558188,0.5802091291159217,
-56.54686870894848,12.11474952863856,-3.06962591198907,-1.6320343629190202,-1.1946031963599033,-1.6190372897280798,-1.9082010243631993,-2.1102584944886558,0.9465902862208386,1.3638774137459975,-0.601476620508929,0.6142679333590304,0.8572312608219161,
-61.81659565512918,2.893187513297051,-2.8955392536099014,-1.5760706983367547,-0.6923520903078608,-3.7336979333258715,-0.5738801684950574,1.1307357746976616,-0.9748311598713473,0.7935906215753519,0.6923855381406532,1.0924777634118967,-1.045514949576563,
-52.07804445205163,2.4202942535699323,1.7067759948535144,-4.676829903742118,0.5020179258934356,-2.548364150221037,-1.0796534488584335,-1.3366050469263542,-0.015959790200614332,0.623449914585935,-0.9499152654849708,-0.7100724301776045,-0.6385628108466905,
-48.697860626149776,7.436430472591422,-1.756789540259987,-1.1145111297309436,-1.1873436586478232,-1.2418108376264763,-1.9728636349580366,-1.5411184675953606,0.78565683871952,-0.33269320369004163,-0.25932286885427835,0.6777406701717417,-1.1261486157229443,
-62.21542326422669,3.8923407954087414,3.2863536771123827,-0.8067002833444263,1.1231033536255146,-2.9391086828617867,-2.6637461161766685,1.1365977474089708,0.5426698620440469,1.3267063685689806,-0.3135360452626199,-0.08792754117851898,-0.08337181324336607,
-52.95635360277464,10.7584631515892,-1.3327792343996911,-4.140641130353213,0.3427993974364849,-5.207426891837663,-0.6052601959751704,-1.8991490157909046,-0.9690517214147123,-2.619996151661872,-1.3923200019561788,-2.204800021397663,-2.424436892983769,
-59.584771779577906,9.07260964841047,-0.8643448816102324,-1.491761320790574,1.3555231326567272,-4.619982242046273,-1.3913784568146943,0.17849186161839325,-0.40945440108640163,-0.9849857540135782,-1.2582919367755185,-1.0742711709948978,-1.5949967887331282,
-50.307889464113316,6.277543326064404,-3.955784744653547,1.6040873158744082,0.7946120151640463,-6.171749089722159,-2.728577118385069,-0.17020957417748095,-0.32206173819122963,-1.4495547246680602,-1.2803459544054738,-0.9221027570815976,-3.726115743821021,
-52.82306222573726,8.792753338043186,-5.129420254102472,0.80334861583597,-0.433984801043211,-5.181080111440206,-1.5985246777682216,-1.3946981231168687,-0.8509469387475441,-0.809451294653321,-2.393909612634128,-1.4705900488289285,-1.6227821580671735,
-55.085696499168805,6.6699062303501435,-1.6645469867662879,-1.9304197019078164,0.5569915864247998,-4.974264413777229,-1.938922956238299,1.2447174686831959,0.27816826567438646,0.6234460965183142,-0.1273223100852845,-0.9873449855488929,-0.981767623528828,
-65.55247209552508,16.234508215930404,-0.02260520757987683,0.804714951905626,0.24814591426087906,-3.9840479766706194,-0.5888794942089532,-1.1768807512054327,-1.9009492543222442,-0.8094159296299943,-0.33728370421185705,1.782933278606905,0.09948330278369255,
-62.442235510835914,10.14043369147381,-2.6620410713626046,-0.8905877653571435,0.8326062818963984,0.4139287161187486,1.2482661007446274,-0.7077547738323915,-1.7429891421881956,1.6369211534597978,-0.06666751687538186,-0.9632414879642561,-0.862644616672759,
-47.460553761341785,3.8885805642060154,3.4751377458812027,-3.8120969277062082,1.5659547752035652,-2.695295198629064,-0.4567388363061682,0.39966522687740835,0.03282659948580546,1.74045079280218,0.012293311208483315,-0.9229370505813277,-1.7812557096203305,
-61.74787633610346,8.220372619928924,-0.5126936244744891,2.3718782323687395,3.5466629071852043,-4.667852675301008,-2.7271162040369923,-0.21740372727067836,-0.5764209637515929,1.0269770062896006,0.07144135144408592,0.9052622676274045,0.3389518589785663,
-53.95449448684172,6.004275023269054,3.0551383694324112,1.4909964839249454,0.8183819407049877,-0.6839339861805454,-1.894204141685183,-1.2131660811314617,-2.123020924985025,0.9419493566820714,-0.4666245696044333,0.16344854410730325,0.461798806664665,
-41.0790460208184,4.018181250404927,-2.299508694461768,-3.257619439162786,-1.2821273149641812,-2.087255262793583,-1.6022046722107368,-1.6697154255316846,-0.14684118920292422,-0.4222853476708668,-1.7512312702225814,-0.8233618919552239,-2.024317211442964,
-57.978895444624094,14.892951047437132,-0.49805425135738624,1.6732608799812074,1.7817497856473152,-4.031854410101191,-1.0405937578124842,-0.25708192040793776,-2.4086778849948445,1.0106223115197044,-0.7006446639930721,0.6933355927473959,2.1171388170128522,
-54.04830698715549,9.007160256136768,-3.640464748378915,0.04877034170831962,1.7845579404759322,-5.900372452258534,-3.09896213708316,-0.21172944379927916,0.20067596246460084,1.7601853924138458,-1.2433495715574603,-1.1144598666085996,-0.6854162462258644,
-54.0127424613607,7.626898257365038,0.23501705577810394,-1.3034133876917142,0.1805469437324252,-2.6031241226721464,-1.720350416817317,-0.7967009865082861,1.3011694239781244,0.8138422020053078,1.386546642599947,-0.23328503885317575,-0.459346831491394,
-59.72844164556089,4.665328151136401,3.0362319977508494,2.6065116258261964,1.1039953985476516,-3.370871533320103,-1.7314293310700997,-2.4335690152313156,-0.7955911776655156,2.1961613870824843,-0.7989311044531526,1.8113638130644194,1.73446973667392,
-56.350860205212555,14.111925602104034,1.5873965330308573,-3.6559238628798862,-1.0673807382587417,-4.070427995877608,0.5089257672699263,-1.4444354113021638,-0.09792448506779294,0.8666568484336175,3.7583182176655057,1.2494228752752705,-1.6929875834159887,
-56.64339558506076,6.842996169706023,7.124752314574973,2.180477494772362,-2.655509232666325,-1.5471949343177331,-0.9981664641753061,-3.6379693763322707,-1.3680761865969757,1.6266511693136074,0.8351322264900656,2.7758378785953415,0.6127781121263545,
-58.906958502364255,2.150063052046941,0.8146011079829703,-0.8962196314831314,-0.6042489064402203,-1.0508922607881832,-1.4532159827211926,-0.8626650276123646,1.085492784064754,1.3537767719370948,-0.15602808042053562,-0.14178622276924968,-1.680759731501944,
-67.92110609664638,11.027767383698082,0.9975070685649525,-2.6344347418032847,-1.4998752845089043,1.363254249837846,1.973519429698423,-1.530274303740196,-0.18410115758367995,0.3942625872176082,0.5665675288256953,-0.7506392565652602,-0.010770410672979125,
-59.644898789933556,11.564881264018188,-0.8256825063360154,-1.656722488581213,0.8754997009492742,-2.771280237447876,0.6657717728451398,-3.4345096176761962,0.1745160745126757,0.2491748108700742,1.1916001948966741,1.257611773743084,-1.2724300455686866,
-60.72818217942713,9.867030522613248,-0.6604388132760248,1.0540218405628625,2.3288158759493887,-2.9609678581603367,-1.8173289036708264,-3.1286032116288176,0.0030239555401729845,1.1351331300691339,1.7837107605065263,1.5095072757816124,0.19476724150253855,
-47.876640604093964,4.930582235354272,-1.9786218352071827,-5.818112502700387,-1.9003416620154396,-4.459024341921738,-1.0957834550175014,-1.6303243115417743,-0.8415333875059493,-0.4280698946853798,-1.654787620707343,-1.073250400812102,-1.3649511515234152,
-49.387781261549705,-0.4334342094491408,-0.7350664440710564,-3.490664443870611,0.8787048932891,-6.327875077362296,-1.988844389481178,-1.4789444484259375,-2.2872589966325476,2.074119058798711,-2.7189443144917735,-0.0029428385617440433,-2.00743101845429,
-52.84211646681548,10.550091239166314,-9.638707688122558,-4.328586113386828,-2.323045081821495,-2.7588894391158987,-2.259214230022148,0.11811284615776874,0.15267880164669467,-0.6579890726128839,-2.126334949422034,-0.6380274944405988,-1.701288887376231,
-55.66839083636076,8.377294957164304,-4.064282579008894,0.4292647268565575,0.7770142363007637,-4.208559156750994,-0.9718990960044771,-0.5439281527113677,2.507814262797448,-0.7303197442830811,-2.5682104757245066,0.4599825372746742,-1.988217907388512,
-55.006842770166884,3.3400995743522985,-1.5021316967278002,-1.473961379158696,0.46882577730048647,-4.435031068645758,-2.829289398549021,-1.7456384960439606,-0.1208037511758191,-0.2037984414716416,-1.3508942022195929,-0.9475487273943264,-1.3999773827021746,
-60.760844565745074,7.233689048176823,-4.841822995688021,1.2101258289247578,-0.6386339300569768,-4.94505586100788,-3.139637089861888,0.5858493782327674,1.4499365366979804,-1.9081438162583813,-1.260797733520017,2.4860344038987607,-1.8836533379944953,
-61.80351988662571,6.070527156777315,-3.38668827279511,-0.1962352509905183,1.3462191015305214,-6.212646719763833,-2.5322748484157316,1.2626017051121603,2.3528908373873803,-0.01515040572179327,-1.4085676346564173,1.0362997271658636,-2.7531461009243423,
-62.122175672608215,6.748533762851702,-4.440461983341439,0.8531848873217509,-0.15352887481249233,-6.2344814084377225,-5.590490106863024,0.6082494969727019,1.1718064287989782,-1.4466962765389466,-3.0752134427235136,0.007890848184183952,-1.433674054337095,
-57.119716546244675,11.474495885368258,-6.244475649161143,-0.6175284269608396,0.2425660389802613,-4.994213604974478,-0.3084100348859482,-2.2888052618330126,-0.03954159809847768,-0.2911404555576689,-1.7534434053951067,-0.6286178358158336,-2.820950189019162,
-70.4019649864349,5.650419328384325,0.8889530803573442,3.9319411216781823,1.3339134050111041,-6.729550550843156,-1.3289244548943158,0.1323647468178577,-1.6036045118103703,-1.366993762446977,-0.2262273771185197,0.3798188680184338,-0.8243106590102567,
-51.5344918847272,7.958710408758523,-3.1778656691743925,-1.8145971179935403,-1.0695142230645691,-3.7281841646403837,-0.4678448172082219,-0.9522222760687815,-0.3495386760072696,0.42349431761480893,-1.7411964156047253,0.43245405803182213,-1.1318370924511776,
-64.26002054262827,5.634206040133311,2.0620709414729617,1.0327924829750406,0.30289358367332175,-4.22413803005468,-1.000734126681135,0.5867273328941964,-0.35842957927615826,1.2506647145908456,1.347629201122213,0.5929567381495531,0.3115227858483012,
-72.28567229489529,6.516576953149553,-1.1654012971210324,-1.3606121297177363,0.9754651170150952,-4.014990227473781,-4.105791573999107,1.6360100072531503,-0.2826658436420293,0.9004153322460962,-1.7327551912868142,-0.05464289970514402,-0.5975311264299119,
-48.105017872284016,4.292804883147139,2.806970771726901,2.881712019748723,2.075567514243737,-5.264239123955814,-3.5343384589449927,-4.237744781141662,0.35138145623221595,1.030004419856352,-0.5135549966148232,0.60802300566032,0.11466072643292913,
-49.44838871275914,1.9971885450781561,1.740720390282711,-2.082852180939493,0.12998984804731784,-5.346409003942774,-2.939565411891525,0.187152781800898,-1.6664450390165408,-0.2777170819036192,-1.5173356264703637,0.05676582203694691,-2.8330293972322114,
-69.89590143321317,10.666890579475364,0.42760296962096067,-0.6524545897866694,1.249094397618871,-3.8723788877303544,-4.3611909462930525,-4.129960346692277,1.7538031259184583,-0.1945408919710876,-0.7032348894341001,0.7012132167137888,0.12423916351731146,
-53.35507793618164,6.695081518767492,-0.5697535515524041,-0.7353047725235449,-0.6843898964712904,-1.7778669553472626,-0.1829397610147736,-0.6451483314475,0.3076981293745735,-0.6931470856507702,-0.15249520513710357,0.5378430304553292,-0.5987046577932502,
-59.55289740445582,1.966168103993566,4.5765061488644125,2.64996004964594,-0.10862931122903063,-1.4369406749649443,-4.485401421677233,-3.1420641939522693,2.13520698240887,0.9132910572172686,0.5552345541145889,0.10958171155593166,-1.5548718223139297,
-43.119710306049015,-0.5949919213299302,1.9746203883809186,1.5112766624883904,-1.9446960347092996,-3.582971183184294,-5.256784889799507,-1.1830044918300144,1.0779587667233372,-1.5509033813591127,-1.8640780185192194,-2.1711759996250497,-1.3320125626257249,
-55.56577894714635,8.24501517901685,3.477958194618919,-1.4833296114625738,0.824314891634927,-1.5280290125597333,-2.718603060881625,-2.2554000620439525,-2.116385777579815,-0.24177281027008135,0.30400282928158795,1.0817822353707178,1.269609073201954,
-50.17794191547878,3.3007930356906265,4.355168944879608,-3.0786300776681434,1.7702687908068917,-2.6282021090402106,-4.3161385724975885,-0.2528616642140544,-0.1936956615563994,1.7973788119599754,-1.0887668106605835,0.323791598730776,0.8496582102375143,
-69.46207893580204,13.307628090584643,-0.4738635353321219,-0.6151836415330001,1.9533934255479943,-2.8302686142171387,-2.2017429636127503,-2.6038058117170637,-0.5497775314561921,1.2218227314304146,0.6949788924796771,0.5968629080627665,0.9651616188353009,
-68.76799318511364,12.353724589885001,-0.9332433583335513,2.492299058938452,2.8066661228476844,-4.429740181811926,-1.536236830171498,-2.9105293620887496,-0.9323391702012338,2.3008395118457963,-1.0135110900919804,0.10302391484429796,1.0811520505084529,
-62.56252799350918,9.14624106462167,-2.4493741720560243,2.0158934920192983,-1.2640443680558402,-3.1429149813250397,0.45723819977849134,-0.920209495104757,6.476805639263894E-4,0.0074192252505005385,0.06009837119223649,-0.6466104779663029,-1.316773351478988,
-58.7399235874142,10.081078138521297,1.4433035063389634,-0.5981045385882551,-3.2448314271989678,-2.7882526244443686,-1.2556507105461985,-3.699421784086122,-1.3783810008497632,-0.6165045378906302,-0.0386848625716012,0.9536510537852321,0.6833400782925265,
-71.54861495482534,11.734928719205637,-0.2573973130184184,-0.08319428232898707,0.6465521373979066,-2.916720969259842,-2.031083826720506,-2.763574016651784,-1.3400192911901316,-0.0699526428079218,0.026301323935743692,0.3477896672431324,0.8022169604809446,
-50.38067013423415,9.627329928950175,1.3244580821505276,-0.24583419222288683,-2.482539024372984,-2.347036675015593,-1.413707063916823,-1.6473737002212414,0.7250869938093873,1.8105667989496472,-0.4772316795874876,1.5104092695005558,0.30493650160757335,
-48.043305103678456,5.0579703619158165,2.6238762798795787,-4.641509357025902,-0.23043044252398825,-3.4404564018514376,-0.6681825320563304,-1.85393045220116,-0.4380134182055151,1.0513104517544227,-1.8810741869122667,-0.8049567315504527,-2.002984731925156,
-64.87317757458638,3.045379908875108,8.652951047618293,0.9575586051605347,-2.3803259919499578,-1.4096224281960326,-1.1809364824936202,-2.2539205182991293,1.4001738006102218,1.4925785858871445,-0.6509131391989915,1.8091146127536555,-1.483975729962864,
-57.18184246396975,2.5397391013666573,4.353145776421501,-0.611794742459312,1.8150544415859775,-2.9383272189850147,-2.0004436406155803,1.6458394498310476,-0.6159770470320682,-0.3268330299872475,1.2133556067201472,0.6654093558015317,-1.6916508948045632,
-58.20529374496436,5.673227185175989,7.240538953888207,-0.6195647855338082,-2.362597010622419,-0.7362802981782908,-1.479396097376779,-1.7706188421887799,1.49522286661744,1.8447098273244396,-0.6888107841121884,2.016333095560401,-1.7839855039051509,
-67.73591248738728,-0.7843365781763652,7.846293760420448,3.4405924609612364,1.9653583340738963,-1.2931167646109323,-4.139316774098102,-0.502722996549481,0.656829533791575,-0.4291033229223009,0.19321943525163743,-0.6762774239847471,-0.7198902485777527,
-62.848694864781535,5.496832377860731,2.3139013507535124,1.0176928412403439,0.4683556175171715,-3.7588650962784853,-2.183245655021217,-0.2903329301201638,1.1174686489298522,-0.8111302422443583,-0.855750646235411,-0.27355922331796734,0.5847451552583494,
-54.18311627631626,12.502153533093871,1.5827601874297441,-1.440198247666029,0.4753193524359052,-4.509993684381241,-0.28714188397872054,-1.9495609001298275,1.4109042127879499,0.6323806604833144,1.0574290140762574,0.44623320802644884,-0.7256154493282794,
-68.83918697197666,9.880616895681062,2.8084789541539883,0.34997414778361424,1.6824261610970854,-3.3380439541787337,0.006180712071978789,-1.9486659920527605,0.7590336031393119,-0.5836872825200694,0.6042567933435592,-0.24864380975810185,0.1064044337301473,
-54.10099321155781,5.826829687609144,-0.1845044744468396,-0.6762465205851638,0.5487020329166654,-4.267204812764843,-0.31112105280498037,-1.8152570865305038,-2.144621536706981,-1.564439389750144,0.9847095176232274,-1.5593777499966461,-2.8778543509186294,
-52.388606592840155,4.858163025922723,7.235629092988134,-1.7890260295456222,-0.313145035351873,-0.3152950317241554,-3.353465197935404,-3.4414517451704922,1.363348858412967,0.20357785987826715,-0.3692658165058176,0.8395960537274065,-0.6520775543648527,
-49.04386597807121,2.174778214149433,-3.7495059955518033,-5.129264490255077,-5.21223553585612,-0.8431196776592631,-4.139762144532838,-2.2273468625339095,-2.6910510239037446,0.7920981535797527,-0.672575896547696,0.8221693815229842,-0.35848590165925187,
-66.95441268876493,11.840282430991365,3.850618347355581,-2.9554410022948363,-0.020737432620927976,-2.715339754642254,-1.6507707894503918,-0.04677708635397204,-0.36168894275569397,0.32918648213605817,0.4210420198482736,2.224907688855648,0.341395518491598,
-55.224627603603764,12.917228662196367,0.008709578777840399,1.404202449131513,1.5084396355653054,-2.5640084642549636,-2.7040457302576364,-3.0119201736600116,0.2630322680867909,3.3375429872798534,-1.6433495605055346,0.15347237486072673,1.6774342910008593,
-62.42418709148867,15.477259757894652,-2.502472102774528,-0.7620932953427548,-1.6529345227110968,-2.4805692412864118,-2.0497551483523244,-3.730900301825866,2.5429867005984454,0.28615480353754474,0.7202674212326508,0.5505587782688663,-1.0814966203979393,
-57.85297505789558,9.729824873826711,-1.7815108674957063,2.007633097678015,1.4626379536445238,-3.7913273209216807,-4.134061702056119,-1.1805716898638754,0.3587698338012606,0.1945514613610091,0.5380813293443141,1.3372148520133527,-0.28157085195403564,
-53.67738227768621,10.432483355979308,-3.2361741982608905,0.2192203560064887,0.2142448612974519,-4.051644115620489,-1.2418847061769005,-2.4146662494354545,0.587421573566727,0.23619224196733235,-0.26893998278029674,1.389480210886937,-0.7268547854024758,
-59.12174779255028,12.246529637718254,-3.428253235925564,2.3345707223506915,4.050964206273076,-4.151750292497653,-3.5014532442390744,-1.90513648168896,-0.608452054756373,0.06148366924060733,0.13506481989032348,2.1606182380797727,-0.3889027613363556,
-53.83377949301127,1.6469084821178595,2.4673683764072116,-1.7551640183410706,1.1656499784845566,-3.040623583837081,-4.692282732421089,-1.514080138028318,-0.1426115208398946,-0.3312569616911889,-0.7844096666588506,1.4194258504862243,-0.8696350566035114,
-68.63884037556998,4.92492401345752,0.042314740821144614,7.39091283943411,2.982487415241565,-4.0459382071944745,-1.388516900790452,0.06870722090352199,-3.451959786423037,-1.4590427617237873,0.05076985678533186,-0.05469533349226907,-1.1919258508624724,
-48.67279421432029,5.411753629704629,-0.2681252684929225,-1.9263046482889545,0.4459109255320608,-1.9637671946897965,-3.3209964310480924,-2.535721600999805,1.5557031606279255,1.6272565395346659,0.39413546639153774,1.6519229284208652,-0.8899956523048664,
-70.03881989154975,9.646602012980097,-1.5737160411333821,1.4873641436123664,0.7655014954316854,-3.4310414100711246,-1.3056336675552567,-1.6231007527254016,-0.7820678810192181,0.6253040357589739,-1.0732893599084774,-0.7959425155827069,1.0023440995378987,
-64.99830499184691,2.489988975441904,0.8842875855649988,3.675141269528969,1.4967399461005502,-3.9415905074522106,-5.052052394959195,0.5226325175855857,-2.40723486090499,0.524942027088692,-1.309164233385743,-1.5054245428083148,0.4428651979424938,
-50.311708258312514,6.5177087317417,-1.2648991898253708,-3.9161447983418687,-1.69424850438863,-3.2971967947406675,-1.2971263747531256,-0.5990559443590313,-1.711816022090015,0.08302379453003716,-2.3232229218268197,-1.5739171644389622,-2.20803771706436,
-65.82280688549146,10.241757108201462,-3.4169095970089396,-1.9639025652905984,-1.388606802334258,-4.151718989395736,-1.1089856980736013,-0.7128432740149129,0.3923438697696029,-1.129140628794274,-1.4749993090555966,-0.8640693702130897,-1.0807806249295036,
-61.97143520528061,8.887380577937893,-1.481172428702609,-0.6416157526681747,0.22032129592820127,-5.417717038788071,-1.09521878251891,-2.2569211959232995,0.12376063126502235,4.1066873758107345,1.2309995481946912,-0.5860616233351386,-0.21420668322481906,
-53.18146913396318,10.997017031024988,-2.765313972606399,0.620801177795026,0.08438299788501791,-4.364531426362556,-1.1682973455676138,-0.881584692896543,-1.0374636002466415,1.834395762385271,1.0228761092526577,0.32179462118806246,-1.0922415510378751,
-64.9810274140056,11.773264134044343,-3.748106282290875,3.2362157728821566,1.3952743971338952,-3.3945085853769674,0.21574785437989163,-0.1680663755010583,0.4894349651054135,1.5134273408072685,-1.2499159579302281,0.29160875721831925,0.6462859331596702,
-52.11617986050506,3.099095272135277,0.7427252918892853,1.1200470343218152,1.3915599401652665,-3.709725094808171,-1.9594497474234127,0.07455078028996986,-0.5934103674119795,0.6057842141790961,0.7769154980740252,0.5805486137882463,1.0549942995852193,
-56.993944250694355,5.771935167166232,-0.16836572620926038,-0.054710319036670896,2.5035592637676687,-2.7266345028653123,-0.7194381214458161,-0.9068490307666952,1.4828076458136126,1.6231475454083903,1.1296242285487443,-0.4367904711241115,-1.6252280787675968,
-64.32878996021746,13.197635354899486,-0.15319242098061636,1.6539940994352014,2.2519272661040755,-3.045640086531478,-2.765418759781981,-3.186202572418852,1.3555514755719735,2.3862386010071255,-0.9296213013544936,0.2192936818212181,1.6170174037553995,
-68.001271248248,8.07828069372474,2.776564647542479,-0.5636066142350935,1.5949458191061328,-2.1011986940678966,-2.1402715988348873,-0.21038785147661576,1.1223966504383625,0.8822167037458581,0.24905212296147727,0.6002644146019822,0.7458606617740164,
-68.46912953464499,1.3514070371763207,5.345182716643153,3.7541173074166716,-0.2759026698841205,-0.2689689065792198,0.2993337243268863,1.65404637289943,2.054472215787456,1.7589835878465985,0.9941451194947177,-0.28211771698839794,0.03139398471780663,
-78.28547577612517,-4.484076036290983,6.479625572475199,4.54353000097189,2.6440202428563824,1.9763411050789224,1.7069713981606132,2.2302220339133543,1.29297393750009,0.9225843381222729,0.972375532308547,-0.05797659099222097,-0.17794985709625322,
-75.62737105099076,-4.9117205615514035,5.77173967947826,5.031953111647621,2.5565767556626184,1.9741348985575526,1.940961802938944,2.3506503530432004,1.1472699857180784,1.1422672953181157,1.1592700025072054,-0.2800355379125363,-0.0662019997883303,
-74.27464108401828,-3.8861720577677024,5.344407369633791,4.9270080199694855,1.641549719753133,1.6964168698938549,1.6400429876248093,1.8754194432273394,1.159598050108507,0.987019928023964,1.3076581948719377,0.2879760988192144,0.12642139176051947,
-55.23473263758132,-1.0589746122456214,-2.2041048398871927,4.169993856432329,3.4406969618999765,1.2812698334258552,0.323653908249363,1.6259710613391603,0.510435322549728,0.6676919192020456,0.8726072267761724,0.748913502893193,1.0373957776609102,
-106.99417097457416,-0.889577327853706,-4.285287357062474,3.7676005536276955,3.36023471054627,0.06249548202420829,0.20613824697067606,1.7689884125185635,0.8020468024032432,0.2619244163449066,0.5815839081869103,0.8860340180943105,0.8939049019160712,
-270.7666516085545,-1.204875387852434,-2.5699537650159545,2.7113224830049774,2.3192623966688313,-0.6335246087766322,0.643064047035411,1.471298711226206,1.29510391258699,1.1146435189945745,0.8955861389407218,1.0618356636892283,0.5304331441781311,
-70.00916347484882,8.894156277860876,-8.007909583460886,0.9006192998469968,0.8970927201748129,-3.6793212087493634,-2.016959840356829,-0.9342485623214327,1.6591180580671936,0.37596376924319186,-0.2642078325233017,1.9650808948695082,-3.0649045803002486,
-71.27142484290646,16.17538725361029,-2.1761010676983217,-0.29805644896261185,-0.25170749052974717,-2.4690148778868313,0.540216728026131,-1.6507264533951749,-0.30030580923249195,1.924056869996197,0.3140127512571502,1.3574654811273374,-0.6716524157548176,
-75.78853150267128,12.16421241716679,1.632483143090448,-4.255587741093365,1.2434950819904906,0.027555501405351457,0.494713477287525,-0.6486438640494341,0.9020287903663062,1.115716856878722,1.048433771180636,1.3241348560970385,0.5116603934636847,
-92.2080719032407,9.938819132975427,2.713410270031469,0.1225066702159392,2.1607471701869514,-1.8648000228311723,-0.7704496980231044,-0.9585793500097988,0.40494948398627084,1.2859879883353202,1.3802957817336687,0.9410741587340778,-0.271197463909548,
-76.2829573119106,6.045743269634271,3.6309179163025522,2.3407994546974655,2.6807311207847073,-3.168621227568791,-1.6991247300449293,-0.442477243179741,-0.04988834237283468,0.257344535954795,0.27750392729242757,2.2854378052706212,0.6504815448023678,
-53.39150740734941,4.605492850151846,-6.127843215209498,0.8025087906417205,-0.08240042554877647,-5.062989150864638,-2.0194706526581454,-0.9551696222141506,-0.30669124466159703,-1.645436559623171,-0.6428776977005632,0.8173174260246121,-3.5852681980745507,
-71.84827935299768,10.315534047870877,-1.7683918192632269,1.5406562153832302,3.822899936912832,-3.5527016890010246,-4.448483268538053,-2.8048055793937925,0.41175396750223925,2.680694122443174,-1.4565015691500127,-0.0019852675003897424,0.03415291823139821,
-69.65404284516212,7.277285389120019,-6.2134070931573016,4.851685263952483,0.8841222563107483,-6.542067366600475,-1.168050627066373,-1.8767357416613915,2.0321626116951825,-1.4140592562892405,-1.6727817024893383,0.3709809248843734,-3.34908402325328,
-111.51735129494898,11.404779480548624,2.004757989416536,2.4123036010686647,1.8844715662029037,0.4721780287469821,-0.7122929116908381,-1.2583979671028063,-0.7797563287390554,-0.19218254696899262,-0.7656220760744623,-0.3912447671761248,-0.49001135488001646,
-70.03027935915372,9.378677949956362,0.5757832355034491,1.5865924960246298,-2.0714545039750423,-0.9880169655241842,-0.8489560781112715,-4.006841850125793,-1.6130146610002256,1.944722886384725,-0.09114712414361392,2.7167735578049226,0.854299244879607,
-69.43664621780184,7.7118691497966605,-4.03480497036943,1.220664297233978,0.9365566004114476,-3.708922704276057,-1.0582396924844262,-1.6105729386765288,-0.7702263839454146,0.18874807429297968,-0.06088859458153095,0.6634950298816684,-1.5002656205631593,
-88.40395026602455,14.487218370317864,-2.614838492645661,-1.1562491490421882,0.6553343668789946,-2.7805612053184223,-0.3231620117695764,-2.241887047026088,1.7460357993387268,4.299386693254073,1.1753705507406442,0.8102938980836369,-0.38317736781035183,
-76.01893865861561,3.6708400948196593,2.106448985227826,7.617846698596379,2.0132106858362215,-2.3472104511380323,-3.9950404098505405,-0.8809187847265019,0.49924587721992,-0.8203211970198008,-2.0510278437094707,1.8298143280099195,1.6099598287752488,
-71.31161328850798,8.262119470436323,-0.4206566565018832,3.557747981937188,0.29764806498672947,-4.594169812906273,-3.130204016512119,0.7149308704786121,-0.5293789337193195,-0.02048738279428486,-0.5689623384207532,-0.5193184914377844,-0.7517027677656651,
-61.36353098531493,4.4595452888012765,1.239525914047435,1.3909623257014374,1.7061934265148073,-8.58170456649047,-1.8009156135011681,-3.2711607507934,-1.2267696957180025,-2.088111171323706,-0.6369803780264605,1.3440113550839512,-0.8519466261629114,
-69.85339979038797,4.468851284622067,-4.759017852190929,-1.682590205174236,2.6966967840856024,-4.950021303924688,-0.4882491528231183,3.0328309479011066,1.346834972008919,0.3807842973588875,-0.8983215080395193,-0.12873320709474312,-0.1202164688489078,
-79.0153068895223,7.649996281439611,-4.8523455664117865,-0.8336318829237301,0.6850714381695244,-3.9006893244909557,-1.2835134660321663,1.7750382997827265,1.6181390467080665,0.8537730405049051,-1.242208327393529,-0.4448569338793038,-0.799195786439221,
-75.977419744398,10.441959188451964,-8.033324001841972,2.0252485389032664,-0.9444005140547977,-5.172744681873819,-0.9644879367548747,-0.5183684233811281,2.2731579751809843,0.3534268267220875,-1.5340083571296468,-0.8267805399051298,-1.775357416413733,
-69.60398968905075,10.185980292960068,2.6283582921727864,-0.2790511516004117,1.4677375065912615,-3.475584110242138,-1.7198501331068163,-1.5810746035664267,1.1902049211154746,0.8523260377626041,-0.22719688372310198,1.79969982469186,0.2370428362203878,
-72.95937691937652,8.95989110953753,1.9601902718284192,-0.7440539806773434,0.4413643220413914,-0.9846291839580656,-2.537933354804167,-0.13674889919456845,0.9264105108864613,1.4954892393657482,0.24581372202415475,1.686779871850188,0.06657186898832368,
-57.084535817609755,7.622104999367425,1.0909648407086796,-1.6978053111812033,0.5541252397282603,-2.65561929952334,-3.5825060737989065,-0.34832284095257826,1.9316983793808724,1.4039610464007486,1.3288583722274079,0.6138459603413617,-0.3801053849871743,
-81.3320077705529,12.664514649506543,-0.6457641555803866,-3.8129679586170706,-0.6707129051215097,-1.4835750824396214,0.27316342330569565,1.803939173530075,-0.6659596288604388,0.5903192695260806,1.9990186171869437,1.0697598657051017,-2.08634513255221,
-69.99409004265495,8.375750460434643,-2.340989715206923,1.9129012277836415,0.9861046242685072,-2.906153936701105,-0.9356463223183131,-2.6489601769732363,-1.1679383864076311,1.0391013567489296,0.11608663397798447,1.4392006116873568,-2.1442320825632,
-54.22747659349085,8.506233673604914,-6.089718798470477,0.3973911558824881,-0.7360726765065624,-4.200676407068354,-3.601030702776443,0.7576451521021497,-0.078756998298668,-0.09564288627191342,-1.532217837089099,-1.1273995806539645,-0.469679723648313,
-52.75728050632619,9.281220847484398,-7.023489292148392,-0.3798507609459496,-0.10239304649348258,-2.1192775061862132,-3.4563991640181673,0.28019681246067396,0.7970817026121266,1.394749112863051,0.931886392674365,-0.002219456462170921,-0.141431269444249,
-60.48665121211497,6.730811775834338,-2.1385113023423648,1.3263871219996743,0.556343734191012,-4.024956879693255,-3.714678410564055,0.9567095983261424,1.3888318508505813,-0.7138191446049929,-1.418425276676674,-0.7509804368971298,-0.4580442068231423,
-66.12154023828504,12.45404968194736,-5.316481005873518,1.4495231028959137,0.7940395566015872,-3.7450668531655746,-3.0123547157725437,1.1472709822722806,1.8172249090585906,0.14546590298826434,0.5017148256088104,-0.6123969969905501,0.7653428556649096,
-65.01020716049013,7.9538424012960505,-3.4820510795329094,0.5005703286469689,0.33912953129870305,-3.90164867659681,-3.013080373095667,0.36871441893130985,0.16205337780928852,0.13707458624447622,-0.5680131203323615,-0.16444479835261205,-0.38668092197127546,
-64.26452049011051,11.826610019546408,-2.4742333892980275,-0.6851140708194472,2.097554026440244,-2.498218309443755,-4.056518834356194,0.08665266083990586,0.5883079981717017,-0.07484774865879462,-1.2084529207327523,-1.0335546546762653,-0.5200099903236501,
-73.46712126427792,7.390429557585126,-0.04943454001827696,-1.0770324716438235,4.67114528972896,-0.5752291067807338,-2.648774378274467,-2.12081811800757,0.5287088204700905,-0.24778076065050447,-3.594094910233306,-1.2953028775435582,1.2945459725301833,
-81.14529379478958,12.016276898398146,-0.9805549930941577,3.022885677656849,3.760112822251698,-3.616964942579828,-2.2908933389979746,-2.036301413344506,0.8292393761469308,2.1359709468620807,-0.0434873835471179,-0.40554336157861703,0.862715545017986,
-58.953090923479955,6.641727132147471,-3.7466595045448225,-2.567765912165601,0.40862463251810643,-2.914622499297981,-2.1965225661659096,-2.5805099771399385,-2.154920577539479,0.6107165015435441,-1.322039491210641,0.4954189317592905,-2.8942100706060545,
-93.9361813021267,10.377900339651882,2.8572821639135215,1.9764870333892426,0.4824263867931382,-1.2477271760264372,-2.1230743424493066,-2.4973352800962347,0.12202604801075534,-1.1380585428279026,-0.5211743686867769,0.037704972865650443,-0.507074030035461,
-71.31809888782982,7.0242353389908505,1.8931884437570128,2.46198961127192,-0.7024624421513979,-3.4777190430492606,-1.720114798934711,-1.8601412361960863,-1.1923524720744891,1.5435307245533085,1.552869470642126,-1.3129443044750384,-0.6803335099380101,
-100.08927205758279,8.320446918043439,2.536295077469303,1.5021723412376078,1.4686450567277998,-0.39879966525453714,-2.036377852517643,-1.45342019417342,-1.1243084699866244,-1.2510283610780881,0.3663444827066722,-1.009576813361301,-0.6310314528964236,
-73.21441891227856,10.398140316409002,-1.505493033917484,0.9624134634306696,0.6400955777246242,-3.347355619681758,-0.4279174889019157,-1.9429036214014057,0.6814328980275199,0.7234493124480723,1.1042815879288281,0.7680503618919037,-0.513864837195376,
-67.49352734737843,11.096366989208473,0.7943499897330093,1.5068704707288814,2.635990641679617,-4.125363212860326,-3.1116426259945613,-3.093112323058903,-1.4195289220796117,1.7227410826467604,1.136695548535112,-0.21860104681143522,0.9763381331149397,
-66.74901892002757,11.835676221376627,-2.818955126855928,-3.9795486748303546,-1.7194539938012814,-2.6395247142975093,-1.644064246685314,2.4608869803770284,-1.7098945845946751,-0.9983659303203942,-1.1610117458509204,1.3047945269845878,2.80199453541134,
-59.023162896771915,5.096343353659549,-8.497944396147377,1.0406931208907757,1.237895438013208,-2.991938204130679,-1.8885151683240946,2.2706108919407986,0.9781778110028552,0.8111722231468401,-2.8998187009693535,-2.090795631106357,0.05138400636538476,
-63.45620969874393,8.18748318880615,-3.4296183946447485,-3.31825321024665,-0.07596513384576964,-2.7262982198022567,-3.8193662185621164,1.2638210869371487,2.1814757385663026,0.5844110873761612,-0.3560982743341845,1.69442899902689,0.4194234956160199,
-72.33622041052737,8.337320848423191,-0.3200476705558799,-0.190045936195832,0.1500557831784839,-3.0799004927206797,-4.655229911232821,1.4016076480306037,-0.12336123893502915,0.10239133878796736,-0.3409578665543309,-0.03710685254384316,-0.20453773850608536,
-75.30851081066986,12.55256104634052,-1.2418961745030286,0.8593460173204406,2.0763332724089896,-5.541959966955643,-3.3774124312725835,2.1878351923081594,0.38764529400625447,-1.4574016395024314,-2.2619770507999477,-0.005273193908147622,0.2950144267952277,
-78.41890006267394,10.470031538545147,-1.1247663029654884,6.116891700692628,1.8779612976689766,-4.959186028625682,-3.367559437993261,1.6433339507010927,-1.0619951271724442,-0.7288605679232036,-0.29083733004370416,0.3414069480892028,-0.4102902610651511,
-78.96899745331454,12.308147470594305,-1.4849276974274925,-0.9264333228638968,0.475826397401363,-2.437072184526053,-3.692545255873042,1.8435198455907837,-0.7912297612364334,-0.5869256710728212,0.03366271180296909,1.1591605537485004,-0.010362075473532517,
-69.49498508215413,9.613669857359044,-0.10357239450205746,0.40667326274915183,0.7070464176395896,-1.7427294468604155,-1.3639350351201998,-2.861116229094139,-2.0588945169213724,0.20018726741224624,1.7253249266936521,2.478050552324545,0.6079277589246117,
-65.87583582782506,7.812987985398623,-0.14555313113798585,-0.7766022044837015,0.986862035830296,-4.3127095736567815,-1.869158842300046,-2.6330741806771303,0.4793292788050536,1.458282578647918,0.34319667642980445,-0.7083979033214698,-0.9830729784032313,
-62.70034938578012,6.618918195605783,1.6269176124442537,0.35084213616488924,2.182809990006175,-2.6031003052988155,-2.059787870674617,-3.406030932273708,-1.192931737368458,1.2627695961977192,1.375064272881179,0.7076269417721379,0.6134463304881965,
-81.65365763294606,6.620754544627025,2.284234028999009,4.774758991050275,3.237633975096694,-5.401411001154388,-3.545283540972881,-1.4958751494372446,-0.6117727766357812,-0.333889122075802,-1.4338111286529278,2.009199484149352,1.6101572566912177,
-76.29411323907087,14.62999039775945,-3.224970928514945,0.9791767509722011,1.64085135765003,-3.8986067091511343,1.37567822217164,-0.8148615924926954,-2.8818181104695233,1.2965611376738178,-1.5853831697940173,0.3673395674454154,-0.7697295923437668,
-54.59668100206704,5.315973068146821,-4.0482693624688295,-2.7017600065348946,-1.4692805942289084,-4.100621635874127,-1.5762854166547005,-2.588666838580655,-2.2956074071451935,-0.5440445122950548,-1.3433282884945263,-0.1796409971512225,-2.9639978539692464,
-63.68862411721148,10.661473058946417,0.8709890962142577,-2.6120086625577326,-0.6583967609452288,-1.141478614024673,-1.2654420501385273,-1.126905366861589,-1.769259399785538,2.0809917482259257,0.8388795867165126,2.0763112950706804,0.426120324546468,
-64.28396518751418,3.2112323077037606,-0.5790098944198125,1.722430802856616,0.15579159232700723,-3.4863087901644176,-2.3422870630254664,1.3144776686267257,0.9906626399267373,1.042235627857476,-0.1563312438598854,-0.0808548688249231,-0.10264651836676197,
-69.8886935695606,9.06120150345837,-1.7091975591120154,-1.6524700717069627,3.1680427270464606,-3.8188709398714002,-1.1800607866993598,-4.037544555602847,-1.6267645256357748,1.6247482965871456,-0.4581583882326745,0.2050049764531594,-0.8169048099730083,
-79.05079883711485,13.353316552109836,1.1681561888925218,-2.0806762585068705,-1.2282147524622635,-0.5014874669443303,-3.827128585554621,-3.896679015841846,0.32333667233156804,0.8242464949049348,-0.5663594311480424,0.7847087642249022,-0.820151408314985,
-61.187166035235414,8.951357610820914,-2.3657774247181016,-0.8938264715438491,0.11356835874905702,-0.6570441502322146,-3.3518230532623416,-1.1950720788414078,2.5096322201230565,-0.11335229904685251,-1.376682364948501,-0.5965974138157151,-0.5669284635946459,
-63.62411099874788,10.233521796269292,-4.6760343451478015,0.24747225802052997,0.9391959307537316,-3.5081257797707663,-2.8546504377406183,1.4139853817334491,0.600045631123141,0.03479673470462474,-0.7605371353200687,-0.41340134842686327,-1.4953303420604,
-54.997435448226256,8.063317473173486,-1.134088703254978,-0.6175519021865314,-0.5882559697024679,-2.577247816805719,-2.1087551534419138,-0.9262459552862405,-1.4807907952898705,0.302806324715474,-1.134540643056708,-1.4186552246289712,-2.1644880992155477,
-67.5863454012617,7.049088610691212,3.4220538721626927,0.5970107701700642,4.675992122388898,-3.494314837636986,-7.495651478294539,-1.5538499801297205,-0.1050607558257366,0.9969178872322062,0.07363417562753094,-0.02989763402677026,0.07773997819605905,
-55.35711647275684,7.451544726419401,-3.1069086351044,-1.3949015363761341,-0.5823511395319407,-1.2441473513120331,-1.4728467893876505,-0.46262952687422976,-0.8813644501080891,-0.04091089457065822,-0.5893837860083933,-0.08043523520344831,-1.4701712875726034,
-73.96224392452346,4.873351856143756,-4.560709554014357,5.340308864834179,-1.2603283638057592,-5.7707073811298635,-3.1099564510992606,1.0287264182265816,0.9308844225895596,-1.5742175974554389,-1.5934461950604135,-0.2474277114968091,-1.708316086169848,
-69.28815488167415,3.7511883782790516,0.9783592859468135,0.8647560295808656,0.13147532663280304,-3.783220877374429,-2.720638712272545,-1.6125259270183228,0.4894392356545918,1.9540870114761408,1.2010161369894488,0.2782594846535482,-1.668212883546001,
-65.38074904254223,9.049975695955547,-5.569101631723463,0.8611060392842802,-0.11052882757139137,-4.312024328302007,-2.1419710956455766,-0.5028880224640018,3.063554970934592,-0.38423027827673994,-1.2274544013883053,0.6004519569256601,-2.337477391162988,
-59.52633508122216,6.891646212007707,-3.3502606890629356,-3.3590958255074335,1.1180024550541892,-2.9825041240637824,-1.4093051822521612,-0.8835722170860008,-2.7837699432726266,-1.1553977037886618,-0.3654847915956374,-0.083574466454031,-2.551866896439924,
-82.74693959041372,5.583556186266289,2.6148589391401402,3.395441305936312,1.7084656142503536,-5.595453836480662,-1.5822636375247008,0.5340290963911629,-0.8524594799972003,0.48741697725538957,-0.5893880318908078,0.4790882010492514,-0.43599182955641025,
-68.00798450615643,8.989481395717947,3.2693833581812486,2.3104174348203332,-1.0557647740289315,-4.455801148527579,-1.1899212210872576,-3.155593442337271,-0.6285780213109935,1.1263097252496033,0.7350372802698213,0.45671762760543055,-2.4282829109727744,
-56.88065265732474,12.355548722439483,-2.673406199154697,6.295056415970503,-0.14613805331764373,-6.541754112464929,-2.6318427653600183,-0.5470668738870965,-0.43519390713862816,1.3052483423547274,1.1105047295040804,-0.7667317491650918,-0.6710934116288945,
-74.2447983213376,5.027335277614112,0.5147177561362937,1.0170508354096097,1.5514324458853577,-5.142114969074218,-4.8457318718752616,0.9378528479358352,1.8093550335507302E-4,0.5082651145213513,-0.27339810708198,0.8747101154877899,-0.09600512721597632,
-67.74428054083826,15.191109800045156,-1.361471216576164,1.697004817940766,-1.4903211232095699,-6.074003604522122,-1.0201179247011343,0.2618700764031989,-0.07314587141927609,0.013284228515081598,1.7516242085431815,0.0505190331956169,-1.0685409600326583,
-54.7169146512252,6.940370361419678,-3.8409456720668755,2.2047690065149324,-1.0457628830286785,-4.19105482039043,-3.495623767971248,-1.4587619556450262,-0.6007288455745643,0.23334192494973793,-1.627795653518511,-0.8034383239469385,-0.8873953153486551,
-79.82465876510211,15.289242525453691,1.3523462839635219,1.4071796277099762,-1.9554107813445931,-6.452140662249979,-0.362721185911866,1.0187538098842062,-0.96660698363943,-0.4116140943904183,0.8125687461426097,-0.268804506391052,-2.041412994149349,
-70.5262677588008,7.208956048735279,4.6567918562975485,2.5900264743313546,-4.04989763212891,-3.7993933736060397,-2.4814415423914715,2.0328309998338012,-2.272100928235113,-0.6064720966456423,1.4578847241738608,0.4495435105769263,-1.2871863686586043,
-67.912953279071,8.057106023229093,3.4878705104150556,-0.33970920894967804,-4.628762445639508,-3.7374694358035034,0.06590457142890216,1.5499776709224256,-0.6921689904748289,0.24338953779701544,1.672689597559347,-0.08762202865352098,-2.728564013651748,
-73.68150972277382,5.39529543206455,5.590786928067998,7.122339034089424,-1.3556595837057661,-4.069280110681229,-4.2750044530439855,1.5590811887004925,-2.177678904586288,-0.3636775128496259,0.5325950679452953,-0.5238018521996164,0.20006116383601258,
-66.21972760734383,9.189931265997208,-5.611732983813532,2.766614312315067,-1.3886682091021085,-6.097164331676224,-2.858194431943982,-0.38725190578478985,0.18039774996106317,-2.2047512643819225,0.3513279980741446,-0.20887877002823707,-1.866537268667014,
-85.07079433404063,10.473756879844277,-1.7956890039450322,6.261611124299929,0.5002928055678213,-3.422608929343255,-1.1718206217153755,-0.7589864496571161,0.11290744162995647,-0.8193959034568383,-0.05635956867852654,0.281059113318606,0.026211703416493037,
-76.12780553675111,10.472111785026424,-4.436130201019699,1.0915592003565413,1.565970397998301,-3.5835209530991134,-1.4017353165840936,-2.0292159182049225,0.15668006490139952,1.4027805404821767,2.557164443530875,1.3680916078505478,-1.3568535698601445,
-54.16800386507091,2.03423158624957,7.809007671374759,-2.346360969325492,0.9082946662480103,-0.57992712928017,-5.670997159380985,-1.6114870562544445,-1.788877824473726,1.9647959643137443,0.7681606117925137,-0.5812090682625561,-0.6823343864227487,
-62.78376140041361,7.348952818081303,-9.300373645868282,4.3562092663772365,-2.0479169113683175,-6.348227436210152,-1.0044906155578737,-1.4788493109489056,3.5233518663659207,-0.6618007936870662,-0.6784759652107404,-0.892409579255538,-0.5118348326872484,
-68.03341156751392,9.10752244632775,0.13574992796116891,1.5590638368587308,-0.3814369377398066,-3.358177474137076,-4.618226008106119,-1.762445293566679,0.23249451336475202,-0.18886284762318706,-2.2545561563585457,0.3001215225757705,0.023190315038829734,
-58.59130690102213,11.06754818279564,-0.2497951431283627,-3.6831161008287023,-1.5987182998763712,0.43737472274971845,-2.5802625041279112,-1.5294563716857463,0.2783383319738224,1.3396957728204877,-2.3607029453001953,-0.1522141361452798,0.41679384597796076,
-75.45449577148905,7.234339725567307,-3.3095074656626045,-0.7472302964659363,0.6822086847293019,-3.897373423646496,-2.3395040177604316,-0.05553521085045254,-0.006830018611094335,0.40201265134605046,-1.2061311464215447,-0.32701210455809937,-2.6105991439755662,
-69.08592522175769,13.310647683397477,0.25140506256326756,-1.0729907427897092,2.480048165732272,-3.1623388018744993,-0.8855867443034673,-2.417121334819431,-0.25837327254582343,1.559644226638441,0.4474161281124762,-0.00911185945976456,-0.982770789748094,
-105.85877180556942,0.6921206411372114,1.5421373820188946,7.593098251572781,2.267022109253795,-5.330411842211081,2.12608968930862,-3.2677399730820564,-0.18242756748446576,0.5653858235883922,1.4307656827006356,-0.05657704984564882,0.22316480721641785,
-77.7014177160085,5.440743535560273,-0.05832056581392875,5.109497021799678,0.8085276379517143,-5.041511789778479,-1.8565014634035555,-1.0120293504775395,0.29479302844616484,0.32771283931316475,-0.590840229996823,-0.48506733106028843,-0.4551852697736818,
-79.55407676672921,9.768585017606979,4.10453735401501,-1.9093170067250664,-1.0854000835474351,-1.034405320440007,0.08104657176890173,-1.9322425060761956,-0.648034617786839,0.006816569683368634,2.464113676852118,1.4107929575084297,-0.5372837757330378,
-89.99753225857862,13.971087267967565,3.6959412196116554,0.6999573698689145,1.4719064011579652,-2.5863888100835117,-2.5505667509077874,-3.281199554267979,0.3241901463573491,-0.21254247054347308,-0.553554947281405,0.27088773103861774,-1.2484896300296682,
-73.61732502012019,10.128579293818863,3.995705698096841,-6.1968554343519475,-2.6611187862790495,-0.6120815071544339,0.8103859540578657,-1.8574277031214312,0.07325181302117212,-1.1726864298570705,0.3473043341720534,0.4547723280665483,-1.2554208198453227,
-53.4383150824438,6.359609715237035,-5.204589848335982,-3.6941958066371865,-0.808289981399295,-4.80821588319227,-1.5718906612855985,-3.9341064036936,-2.5164034349893236,-1.3951612888641756,-1.508915006102398,0.7893310820321255,-2.3703368540573004,
-70.03692006926389,15.529933700119058,0.3530828768874841,3.4583820790777486,-3.39368831974203,-5.895853399251839,2.239734540672944,1.5813018766370206,-3.249434299175208,0.541813833555072,1.6271924985327013,0.38449448627023175,-0.7821426284900226,
-78.44873265968971,8.806819309990901,4.7357036372990535,3.4470137727811685,0.28172316144808374,-4.039157766837406,-0.04302752573604973,-0.5028911348481429,-1.23650528987656,0.6816285005810596,1.3213830012384955,-0.6412938794075993,-0.33611546701004347,
-62.547807223671235,11.457495353000473,-1.6277729404864592,5.58135241611787,-0.7445963913290079,-5.554870912509808,-2.153632187230551,0.5605842891595714,-1.389164438540774,1.087168948201819,-0.8189655736993431,-2.256973489731012,-1.1573808226687405,
-75.06400538548665,11.114529674628226,2.025210852369658,6.071553481492419,2.2452484700115694,-6.012159174520169,-2.093559859180003,0.9077248493522991,-2.5957097159101603,-0.4621266894218632,0.5751232984120325,0.28482142862749704,-0.34412278448548195,
-75.26983692606777,11.79765123828706,1.0772791165222575,6.750978682016839,1.8908926628018188,-6.500280938196752,-3.666865181525005,0.6043538589390853,0.13377034793273168,0.7939292016848278,0.9865960086908361,-0.6992403790747117,1.725685905976679,
-64.30208852152168,8.167702341757986,3.7936533408229103,0.6217350785849174,0.7526526696200793,-3.08154092455189,-2.124815563273269,-0.3726237627375486,-1.5123056414460203,1.257542291762532,0.5456233890356676,-0.263043311625597,-1.2836280779976814,
-52.13911240043522,7.643559370283125,-5.999385735294105,-1.2712260178550743,-1.3474369927221437,-4.672124611802476,-2.7185825007864675,-0.28411276055716117,-1.5660718626761654,-0.48792649216882733,-2.491550703243677,-0.8511253345072762,-2.6904114429727137,
-63.77180124128417,11.201303450709675,3.8830751524530065,3.330131837987359,-3.445337617397231,-2.832045584946129,-1.6340945027363931,3.157657089947075,-2.7804593952353143,0.9339652719610085,2.154206585926232,-0.2747864342823121,-0.1431683127613379,
-61.73349250213167,7.562338926091996,-2.972189492332003,1.997149150581838,1.7841401747756889,-1.9752886932824527,-0.48300588618176876,1.2248496310709718,0.7929617047622357,0.39146186406446093,0.17319355491967192,0.19191473534770287,0.16302373965157813,
-48.56428365851437,-0.07277421522304373,-3.5288612483212205,3.9314570220512186,3.4760863872393215,0.825922060959702,0.6076478732719832,2.0412408992231335,0.8888686344682868,0.3751018866023319,0.31642830416570544,0.4972194651033992,0.8725466063948191,
-68.32141214513489,-1.3039023278176498,4.236985284580925,4.786274694905096,2.083162724426866,1.801237066719063,1.4998755413056277,2.4820399850243327,1.8094997193778792,0.8452157956424768,0.9987416606135282,0.11204411926226077,0.28843735544924143,
-72.31980384904031,-3.4138437213321877,5.859876939353152,4.640003596343821,2.1574132115869182,2.145025329744761,1.5644924856278069,2.391452901292626,1.920773054767393,0.8553588556781473,0.7386804242388392,-0.13474778165835488,-0.15961875371658563,
-71.3537493578415,-2.1169646354915654,6.011367097613982,4.215240879222238,2.1193227016133487,1.7006528911858476,1.8095806810001696,2.4433914755184465,0.7943056103698916,0.500085417675797,0.7428133090658027,-0.635428720284678,0.015772219100343987,
-68.64906855730405,-3.9361842210063824,5.196742542746721,5.5202992263361335,1.779674040885927,1.9287417224502779,2.016561785626683,2.1810189958148882,1.3710108756638166,1.4419613993019973,1.099722296867316,0.052393538564124986,0.1726891485978621,
-73.68677631207248,-4.8934798657398915,6.36381722158608,4.603022226569292,2.5029807862971696,1.9689685418885974,1.8152128244216192,2.317518158072511,1.3744813594869822,1.1140679312618758,1.292149063904377,0.02374704178766196,-0.011464214527491468,
-79.92636691117323,-3.8311033621665995,4.734549593942159,4.747065719362864,1.7174712579144042,1.4968982683334962,1.2101703029118562,1.879128066724702,0.9920516826611383,0.9203783459999815,1.0787543499806507,-0.07644616252286074,0.3046406309995229,
-168.48214926923396,0.11827557507409647,-0.9333421671438957,3.9352259177819677,2.977759112302639,1.4760864186457567,0.9646764627312301,1.74135869049569,0.10169998216557552,0.2557479352466636,1.2347608309630589,0.2114627893915184,0.4371678552068339,
