-79.95688717714667,1.4459940776070206,5.962532032066458,-1.3157385461171018,-0.7192925547327775,-5.341778504161485,-2.46643833986945,2.321169483669774,2.508082739885566,-1.1184513950532096,1.3558284447154985,-1.2435069549537214,-0.46715803287690316,
-85.05179257824523,5.577565038800213,4.10800779861869,1.5493643172368863,-3.5390799940662325,-1.3598388517745486,-1.8581294104288766,3.050164892809338,-1.1271674207323588,-0.26509254136886273,1.8616006144114325,-0.8987675190178468,0.21688553755774542,
-74.40561482494674,0.31396606084231227,7.390993448804489,-2.2140164573859376,-1.0889451494745284,-3.2627182803313906,-1.395173172110268,1.1167457293288703,1.5050027706006848,-0.15836748316992288,0.009034541739455726,-0.1796327372170139,-3.1722494485930675E-4,
-78.62453934935897,4.202732207795411,4.212389538507763,0.2036268195327593,0.8768221077777203,-0.35952695454811323,-1.7879193352502505,1.7821768812240748,-1.6364994749938766,1.2648565485779448,-1.6600001659855943,-0.3286449641866387,-0.7576750602100797,
-50.49617955014762,7.2202770748858605,-2.551428414708943,-3.146112303931731,1.4991922960577373,-7.132482512190749,-0.8308229023830549,-1.2569040173398203,2.2198344940223995,1.9166921817933527,-0.6320721222899002,0.72613914564513,-3.3325615763536263,
-64.41905184927286,3.497332926669856,2.138896584670124,0.3806823748163446,4.1203393076027695,-6.413776131800926,-3.0283011077195274,-1.972296188172375,1.9690835518965555,1.3999442639331297,-1.774626932504367,2.020843256053013,-1.2034881258238967,
-70.16965699933198,8.779966956076596,-2.9780803719607003,2.2985674324300147,-1.0362061341145377,-5.831576322543349,-3.059290383953627,1.3626472930524,3.098991170909588,0.26568105676081855,-0.7769193865960977,-1.731794177579033,-1.595678301485575,
-55.96063516332872,10.643693626544817,-6.864401613549356,-2.178686377415151,-1.172380004938785,-4.694672396644864,-0.08203831265564121,0.2897826485440036,1.1266321885019601,-1.0643486555041357,-1.613197090327469,-0.6548834027101202,-1.8840537220608962,
-77.3296154496112,9.35240921687316,-0.855054624220581,-1.7025181224395318,-0.31833869087776856,-2.584328715578109,-0.5307844888017557,1.6861397033578815,-0.7586859348871053,0.18511676134421062,-1.091513377827897,-1.6599767910920664,-0.3385208624854825,
-78.40212572611357,17.541775330199957,0.007937704084716835,2.84699218758805,0.9383518594168923,-4.051027327641475,-2.0074627576567035,1.8861789227500942,-2.339303678008544,-0.38942748406379746,1.0379278155256935,-0.5474884560455915,3.3698189251198274,
-60.809367300999234,0.3112939879786154,2.5435154918497935,-5.0723569965667465,0.6788000777327563,-1.5687241529527556,-2.162803674908277,-1.5428741975609512,0.7791603067661625,1.1280152355887738,0.969680802445676,0.6307027538036105,-1.2324387963054748,
-62.11221019224536,5.0676280384075385,2.404672603894645,-4.303794271356409,3.1210407821767174,-2.8311762439186516,-2.9539233428511658,0.34875443804456463,-0.04291884833968429,0.6088033850657355,1.272925461840101,0.12153796150390184,-0.08250509160746011,
-73.77604249344068,5.030797509516365,-2.1077793465654278,0.7605189015883966,0.20847122651213157,-2.902700717916123,-4.029678366472443,-0.1740850982099813,-1.3504201193119503,2.3228248179246775,0.8603827199172311,0.4439580439389079,-0.4103576529794757,
-70.92529185660838,5.377280950338257,2.922036989721986,0.7442995538538115,-1.4226595149338572,-3.0045460711704566,0.4445822384822171,-1.8878371548677828,0.5575633517080276,0.21797508628360251,-0.5441613761383506,1.3815493338496823,-2.5695258353700696,
-73.6611268785635,8.039037663401004,4.630543979314527,-3.9597302723111225,-4.073952682807669,-2.1236364428452066,0.038150529850631276,-0.4391836955248767,-0.879734245184004,-0.8724359472601839,4.129911377440542,1.985861576297313,-1.233826517218228,
-79.47847599844403,7.768465028570598,4.926225739995567,-1.675678030237738,-2.3951506923997448,-2.8722943091982716,1.0692939216090829,-0.14174130859807477,0.6256619442355911,-0.8762060245854024,2.3269126891270533,0.546744387833543,-1.1833567999215036,
-73.01282160951776,4.961270528874368,3.448550398298545,-3.313570139158742,0.013397955930938288,-2.140387555607954,-1.359645753828823,-0.33372141125235055,-0.9659835219328992,0.5553501504296268,1.0332498665133056,-1.3862977013556992,-1.8462968537825577,
-84.81239034873477,3.0711138547426304,5.219066971754675,-2.128788202370505,-3.845392363765156,-2.557265622917131,0.011670206579323494,-1.0158465176342908,-0.5895981396978072,1.5840020520755766,-0.26125639648812893,-0.8693523939357828,-0.6146548603781383,
-77.8887280872187,3.119277947740905,8.13999712657246,-0.30329892844711015,-2.3918884064473263,-3.8240660815030814,-2.470551259001206,-1.3959202799995252,-0.062239753818813526,-0.28570433818140417,-1.2484568072845597,-0.10942762717902443,-1.8125291504089982,
-70.11026716044991,3.856436193736563,4.93580220498321,-1.3416523087887633,-1.4275873727483461,-3.6227073273871295,-3.138751291196923,-0.42195137807997085,1.5818918327310607,0.5178627437806664,1.3768781560740937,0.6141397898911067,-2.8488105482849533,
-54.96529703858055,4.109779849105785,5.601469286845908,-3.1616135165755406,1.8220717774664859,-5.64589525081959,-3.999440867238259,-0.4334165681263369,-0.3267175693825355,-1.825515940584063,-0.8967799104650604,-0.36683345768545395,-2.3446013148170186,
-62.684181092160514,0.5027798733157907,2.9762742783905587,0.421769036156316,-0.9597507629164608,-1.972357409676556,-2.921037357502498,-1.669914961734034,1.0939726438036943,3.0442006771001533,-1.0582986648959107,0.5384351308821493,-0.9134842239376342,
-69.44256532516528,8.984255167232494,-4.026786622340911,-0.2617415660958926,0.5601446875256224,-5.893696653224088,-2.130997719946599,1.2812542552460955,-2.5517216468615134,-2.3217660530161974,-4.145046002459059,0.670135043333207,-1.0346977552026708,
-71.2605870049006,0.9619189114342466,3.5128121177545477,0.6256619336057843,0.03699108034834042,-5.631732767056503,-3.090836357481622,0.6156320105893567,2.2655469424513446,1.0035590918174309,0.5916380999142512,1.808684213943605,-0.8248897095756975,
-76.63551504703759,11.67470095564127,-0.5545662077145002,-1.3073038556448382,-0.8984320757307036,-7.579928907067224,-0.05225560791737127,0.29752961054236327,2.344631693556072,-0.1812524162285989,0.515872604616463,1.0328669634846617,-0.3555522210985056,
-59.25130675478348,5.798616986640699,-1.0032301508701549,2.291583049089801,0.46798020008857133,-6.648645209042314,-4.279937695279368,0.16172325194983905,4.293382559878609,0.20649155878436076,-0.16992955112705865,0.7536421195133047,-1.1581143861999297,
-51.569923360770325,7.094198493579457,-2.0680534370334573,-1.2058601475008004,-1.348001306751948,-4.2971270559682715,-1.4701930635370852,-2.1646537294478065,1.5668970071535764,2.6032481376838303,-0.5550900319138046,-0.09533283384469415,-1.0481467428151952,
-58.745825561608605,5.579239627389931,1.7386251652458657,0.44292842204897553,1.2078075053070862,-5.241287890642704,-3.244378976102813,3.7097608704978917,0.8365763845169232,-1.3595409957656983,0.988125811417758,-0.7826602846636583,-1.4041951670364803,
-76.49463543419945,7.467720115913218,4.59253575374434,-0.9352905499974455,-0.8836447460584615,-3.622812785890289,-1.1648460849284543,1.8222203050093455,0.8765802811173518,-0.18702874179374085,1.7731433699889672,-1.0556678290277444,-0.8533548705871032,
-76.05680241243972,3.61186634401252,5.286882969063946,0.1267854494400691,0.08805488170805109,-4.4165505212374825,-2.134414764834351,0.8882451637978612,2.082604529417279,-0.6607830611678849,1.142163047644131,-1.748201802270104,-0.5736741957004787,
-69.33561520234474,12.942184847435136,-0.8452713603529434,4.710762097850244,1.4423067320779994,-5.460069352815971,-1.098702549307938,-0.16488034387067652,-2.475859844027057,-0.15536722845510287,1.639621186621191,0.7316259870261086,2.0891126361387,
-81.00879544378887,14.43679114608082,0.11420327511889372,2.982541230016982,0.10358081816545983,-3.8036095918952944,-1.1222016625841564,-0.7627814691852377,-0.9524554244136563,-1.3880844806024326,0.48255045313081846,1.8796710813429147,0.10719309500411534,
-67.99777345596694,4.803018934844868,5.761886691727929,-1.6266838796473326,-2.5582025988951247,-2.2514771833193117,0.9911069228321274,-1.585183083125104,-0.6870938071953436,0.41850916667970495,0.7669549707542664,0.5554076661848562,-0.3600701178626924,
-77.04737137180534,5.252932676587216,3.565707281477791,2.6785620020399823,-0.380751497883673,-4.047233975980502,-0.03783915311766428,-0.8978107531601567,-3.628102622540076,3.1086617747064134,0.6715675810361215,0.5860911966457052,-0.46878085150901816,
-77.12904975434644,7.160972439937696,2.7329495755494237,-1.759585832343575,-2.2144021139573202,-3.7136462473190064,1.7335263732710833,-0.2995428427078157,-1.500885851528428,2.872871099466842,1.1279952936071802,0.890784609387496,-0.7819771138568226,
-86.08449930379098,6.434654068697282,4.859324771435088,-0.41197254719618215,-0.8265449691188307,-4.007027477710437,0.505551821297896,0.5518222252485843,-1.2790404931566743,0.7434003740155974,0.7524871886115068,0.8472534784324406,-0.4623016292952391,
-65.48828054370422,7.753993754889102,-2.727721542410095,3.5507246544430533,0.021749355825490202,-7.478617417727175,-3.5992088272008935,-0.9515220731716125,1.1412368178796433,-1.0235101216903404,-3.6709732787066196,0.3574395291900738,-1.6252072657894785,
-85.4805315531224,3.7802945859001182,0.7097542243976944,1.9771063523812114,3.007520505765112,-0.7234001612035428,-3.5953426584351718,-0.45369126676513716,1.3643882027254053,-0.26188466091927776,-0.15356525743602356,-1.726709434376763,-0.4724430326125364,
-93.04539498610772,12.865620217598334,2.155213632850046,3.5025822489277836,0.32300006136314785,-4.210687356393656,-1.82452329952126,-2.054368410993966,0.8886481250748508,-0.1535919903282239,1.528081955605487,2.2779896023268287,1.2449044135251208,
-94.2968700374349,12.63625744880374,-1.4792776379958168,0.21074544264496353,0.6476164202505839,-1.9753307167424445,-0.894294717150447,-1.410275068106844,3.3620809475830704,0.37413729582797206,-0.3921256940692097,-0.2831569364165092,-0.45154881967652916,
-85.18323422233046,11.156786018957936,-0.4980819858235854,-1.4284255665875962,-0.1254093897650872,-2.401621620456063,0.09385769570222546,0.3766312985295075,-0.3709926801191221,0.3086776021022213,1.1130269484424682,0.2973703502861502,-1.3891866605221286,
-78.57545213321423,7.582691127568319,0.03435557115220211,0.8321756922524393,1.4632537219367552,-6.383940551660482,-2.8275218121604206,0.35853654004792057,3.2824923102963766,0.0577417633981514,-1.201933001098638,-0.21803899146194317,-0.6574419110004759,
-69.31573721506342,8.955759900508774,-0.548271761158146,-4.967916906248085,0.04175140081631312,-4.391115505336298,-1.094232236608947,-0.33223493698086237,1.339623537276935,0.8098570866545769,-0.012247419804057635,0.17973348677028378,-1.6508923001664622,
-64.28865140322102,0.47711166461706567,3.000360651422355,0.6138400341600243,-0.7144479763187259,-3.6655772897462735,-3.544458433579386,0.39084884061661374,0.8817743011199992,1.102065532258273,0.24328859466589403,0.5018015496907573,-0.9448978710548066,
-62.551312561275864,4.1553318279885785,3.1301228861342167,-2.2915848121254827,-3.3862416924865126,-1.9436099159193003,-3.242963933523993,-1.0482770707325368,-0.3867770320182675,1.5391915836978272,-0.1389468900724653,-1.840214122384562,-0.7680435540891095,
-64.96359782930854,4.929059819039766,2.929353012004967,-1.9442067567817736,0.02281270039574501,-3.0062563608406245,-1.4343091427815495,0.4493727505419973,1.2177670761947357,0.09424455658342046,-0.2668040862443579,0.6269981556561568,-1.1196781224187156,
-82.65768975059385,6.749574947259111,3.975420001680833,5.072115317125309,1.3111199860432832,-7.389524515133113,-3.443128027237247,-0.7200924992318565,-1.9995673286377849,-0.5799941008491438,-1.3125798614172954,3.3521894620946293,-0.03885792555052392,
-71.42808867863064,3.06463876895276,4.674377702900591,-3.7501784402997016,-2.3821899480182,-1.2857252303825097,-2.258251052563109,-1.0078366275241049,1.9839205551002017,1.3349171035802678,0.7932903891242349,-0.41123522241606714,-0.5915367685862505,
-63.08615351334075,2.3296472427833863,5.452683469977181,0.697531171879239,0.6371750392825857,-5.562401151836397,-2.6623540808502693,1.5163535585514047,-1.0348973708363935,0.9932923328246486,1.6419058717953374,-1.3002550471076568,0.4310993021530807,
-57.623529090687725,4.434402266278852,4.627581359492227,0.09916951834851129,4.102988200531632,-7.680145907120824,-2.6335667837948025,1.101107429535928,-1.386159030441435,3.1727524891859398,-0.6704196278201404,-0.06016792837657259,0.9805028649844967,
-68.3284115719096,6.4471752513180185,3.017101406300215,0.17128472139140172,-2.725039868104504,-2.1879312182935275,-0.16487970900318416,-0.5625051112904025,-1.0325647172206691,2.008291427246032,0.9654273716103043,0.512141136048391,0.8901620121658302,
-72.10785774263398,8.742498782847932,2.9461344692024887,0.5846565553876384,1.320236291999088,-3.3580650805872367,-0.9892547951229336,0.9765871930205394,0.8268302121357154,1.2066757073996528,-0.4213373711225161,0.213698379909101,-1.1834514561132807,
-71.34430918673748,6.364763944187189,1.5538927625475005,-2.985334346845869,-3.7807786799748015,-4.352662415519182,0.9954475742306883,0.48465822848749873,-0.012960608821134478,1.0228024833220526,0.9228632000060784,0.6443236784073703,-2.135711305245315,
-75.32569053501048,6.17361091523151,0.7846471781446502,-4.223823506229005,-0.6943648289297841,-3.3282051515180586,-1.8848735093621287,1.0285871042046209,0.957035326649315,1.6949666115631756,1.0235329648365665,1.9002470118005874,-0.1578753135268669,
-73.73000995129075,0.6301403631329441,4.698378733165335,1.42381175665385,-3.864531848240194,-2.0932330055012778,-2.170347846441687,-1.627965481004697,1.7555705036453415,1.4064828623906398,-0.8010462869735877,-0.6641345713512368,-2.7740351144998834,
-67.00955140588185,7.532731057687746,4.6193922760820865,-1.9388911973048613,-0.3569789843428066,-2.9367188788669343,-1.589613459638293,0.9146392162667798,2.379372998850978,-1.2046453286498013,0.10751974421298449,2.0370684294143246,1.1433668796159628,
-82.71332763004001,5.644843355736038,5.031555008613877,2.4979082414773104,-0.318731050781802,-3.251314836536108,-0.5221911001642128,0.8460342831615217,-0.9927898325060305,2.897761964868796,0.7701667980146079,0.5125211490637347,-2.610208711664038,
-81.78877599129584,8.353975274991406,6.395714463693392,-3.1649778136183158,-0.170957570385045,-1.7855766546731746,-3.330100675266619,-1.6643474253017247,2.5390271291238196,0.6773542510788313,0.3516639475537975,2.0684921680274524,-0.7965315179282255,
-89.59914664652449,12.396445735245354,2.2300869904955194,0.853785590043735,-1.5678995714561221,-2.6616870739477916,-1.7421830265990828,-1.7925488043076667,0.47144218027219065,2.8078343720344305,-0.40480426220514465,0.029763010814989332,-1.7864603350872477,
-75.21732432844841,9.733246835468563,3.8795108980278217,2.698301257373759,-0.46444553639477393,-3.597660602419066,-0.7024926441839527,0.9840275154741382,-1.8680193725530354,1.0463017059247286,0.12978068877465399,0.4912166856909095,-1.3587864350177998,
-66.39891685049524,3.8224517588772406,7.8839406383688235,-0.8888538065360927,-0.5496287789029264,-2.021711405456099,-1.3694139145094193,-2.0562013581011405,1.7479676549163832,0.8040689133180374,0.3170408976533854,1.2891042031157731,-0.5868244173493873,
-93.20477621654967,13.536387611077828,4.654578566551852,0.5218675029971847,2.5881156699079826,-1.5903119067887257,1.4940562001094584,-1.7980051322652404,0.6556079806541284,-1.2212015191199166,-0.08849345627682048,0.5661667158521384,-1.8470379971033388,
-57.11374746789299,9.054124407340222,2.3794566725362665,0.7484944408140977,1.0771669402362578,-2.9421650571035713,0.07755199507429245,-2.091763206044552,1.647119390591853,1.1604089365969874,0.5689006166217307,0.27778984530399153,-1.1173654134009405,
-49.1801413532506,5.93991208668329,3.969842758778872,2.8397898567575615,-0.7551541189735125,-4.216308811375665,-1.0945956902233778,-0.00475027944716544,0.18801615814298644,1.8814743703235486,0.11715274805957354,-0.46771749482188274,-1.6685869032373923,
-67.06290359956958,10.772661174447652,3.0610499513736134,-0.7500282990837066,-0.7778653268892093,-2.4353561362490077,1.190713504456935,-1.4597117345457917,1.5841629822268448,0.19007866140542662,0.8500674200955722,1.0303694972388926,-2.1827793468543413,
-82.05773721458202,11.380395526477272,2.2915813647600274,3.3260898263787695,1.063219730097309,-2.3677317423403403,-1.1639282224769145,-1.418330419272488,-0.9567885533353238,0.6874401587938346,-0.6771597538858831,1.220840061034954,-0.52698264816852,
-74.17916339940368,4.5403118618346205,5.73985367128213,2.3840611811771852,1.0507179897298924,-2.640235691692117,-1.0801363962403707,-1.5642431161109704,0.33108424541193715,1.923441913904913,-0.6855379043205916,0.4414631704029852,-0.4590890325527466,
-193.3136613319184,4.241497156355511,6.936542331146711,1.2257254411273122,0.6820808699016787,0.33855326023636323,-0.41368556739560614,0.6556856735809511,-0.9571062674905875,-0.5524615824575152,0.8861384310417044,-0.8447168698120553,0.423151301740627,
-46.03146756798597,7.71028803755479,-0.5702806879012845,-4.870543333986502,1.1390667848060096,-4.4844522864932115,-1.7674754233739303,0.9401221694454234,2.362561256661186,-2.423203679610529,-1.7412699874703401,-0.7995702468484733,-3.8340424801417012,
-63.32280425489586,7.00083724255377,6.256524030368544,-1.8864354818511633,2.02879104393345,-5.509823928317402,0.2951917260682071,0.860342097956694,0.19903766289242375,-1.6422818229643361,-1.0552895840074221,-1.2489391487735686,-1.8463088650747235,
-63.03516368630755,7.492346192488874,2.778577721819441,-0.8187145874396724,2.8790510795672217,-3.3585277790213035,0.868405447815527,1.2800848997502647,2.050490980012814,0.10981882170841839,-1.1852448643709192,-0.6319952301350344,-2.144825876889753,
-54.3952798323333,4.231145508034612,3.7858560098953484,-1.6184526103040127,0.7558731456104253,-2.024128685270528,-1.8949625903767584,0.4132584840271045,2.1200711574773896,1.8706048489709581,-0.7710426225232667,-0.3087004671102922,-1.1584548187205799,
-69.37663971407937,3.474339205035974,8.499845731955212,-3.5735213493327747,-0.39634340718870353,-1.0609430832851374,-1.7512355933262174,-0.28632659287609075,-0.6754811718095033,0.08831250854069839,-1.6838578509009179,-0.49739404986383806,-0.09390179158509904,
-73.85622318137985,11.501554607483845,3.4414110912208575,-3.5136577534381646,-2.028877275180202,-3.24774537138719,3.1491232357239687,-0.5214854602398815,-0.7012601364299349,0.7985465522772917,-0.6118936496952809,-0.16732009776104118,-0.8531278719181978,
-64.25118139160114,8.309815665027473,4.790005357546389,0.16289356504821662,-0.27138051002077024,-2.794346739942379,-2.2303659016675006,-1.2989806167621025,-1.071040011021245,-1.1673073033013326,0.020013723270589256,-0.720013449068095,0.6626199464582203,
-57.55251901132535,5.1216106034430355,6.298668498897413,0.1976237698127452,-0.9931338156334271,-4.346790742468741,0.3815347036064023,-1.3777548258743624,-2.4724212127819047,1.264776093478456,0.05198942050380273,0.16971523951497391,1.0006405951878607,
-83.55975229154068,12.152330303885133,4.685163807539694,-0.2823630319253647,0.7596017662173717,-2.403961655004761,-0.31129573380726194,-2.438261713841365,-1.4278417787196647,0.6750562545715577,-0.04294547643357305,0.8331827854631544,-0.7648960860497978,
-65.69437144992668,9.137421848023711,3.725243115736482,-0.3059802445584392,-0.28039199909128465,-3.460811361515741,-0.5598059270611442,-0.679571896597881,-1.0326589596682643,1.4720908911850197,-0.14566302902917805,-0.5750687538581385,0.7008575355178488,
-66.98328191704414,5.921241746451954,4.806536397536158,-4.889777926706952,-0.9599459625623155,-3.199145031060001,-0.5675933369058057,0.4866701511569227,0.8497351820882328,0.15266349097359044,-0.7059659079905019,-1.6966915291367082,-1.6516576777306466,
-59.36704233297675,5.636233190562571,5.9889696687698155,-1.2479030505865425,0.11846710591870524,-4.2429798338684055,-2.5675102367804286,-1.4149187083005628,-1.0367929922377068,2.408586272743838,-0.16935288563610174,0.28693704557179367,0.9003516372362217,
-61.34867595187455,9.256239209773446,2.3521228576149844,-2.6425287404029514,-1.4785596546948785,-4.6130306035982755,0.9836408181372818,0.724855205415236,-1.4452165541238264,2.19665424160135,1.6097745943572543,0.29674777024501386,1.5037212716384212,
-68.95958155168762,10.814322513823054,2.7936328362961342,5.783367728559504,0.18960005299082905,-7.276187944060245,-2.524817478097347,0.6662327089218381,-1.9545747542963994,0.9649509303160428,-1.3172416663799826,0.6775796999313655,2.169075011295539,
-49.628466108202765,3.0982732574553298,6.601450497838491,-6.097453457806698,2.571136374484401,-1.7019776424963942,0.45095940178533267,0.4670075415844447,-0.9975203388211504,0.22578946064422134,0.029440749241807507,-0.6025267589388054,-1.5073810376805712,
-60.926936512680136,4.161821703657032,5.411174230518899,-2.2319188372990735,-0.7781347236391778,-1.988032467840474,-1.7778080229960118,-2.4513522034351745,0.8123958699663203,-0.9926083114332636,-0.4338084208574742,-1.2878589598751242,-1.9410742255199678,
-70.73875237643016,5.954026563066812,5.564942003363434,-4.303412647774396,0.09532069951799826,-2.9896320585909124,-0.6242418569665253,0.6133029684065914,-0.6060160708336444,1.2874829885752799,0.809671478942851,-0.7483569764329656,-2.6959010262126375,
-56.78487871289274,1.254856837607723,5.303957034069526,0.4879255716420392,-5.370644863161996,-4.220746600876591,-1.4970171034112316,0.9763972278122934,1.3724162496489178,1.7090940828879657,-0.5394835118695174,-1.2860598633862044,-0.7097484550384818,
-53.66801011876278,0.909962051997629,1.9349165058953757,-1.360909831767752,-0.9132852564045169,-3.246831346402271,-5.3464599070285646,0.16003195744062237,0.04823645940814236,0.9561670327553671,-1.179418490549733,-2.2974633311875916,-2.365426528510853,
-61.77722587863772,6.6688567264024865,1.9364458593377623,-1.5982422492513133,0.7039335619657408,-4.019238530844465,-2.701240451367605,3.027088700547782,0.9869496616577504,0.15978834848949175,-2.07208893601367,-3.1749994557779844,-1.0994202382950435,
-62.97607310534873,3.7567890990363524,3.6566474558549076,-3.5567036621669335,-0.7673561709191525,-3.902680792804735,1.5922807055920765,1.205996413376697,0.44059686995850633,1.5525650845357664,-0.19737933926632256,-1.3589618061968536,0.39835839402336193,
-64.59415197457483,6.884674292260313,3.7627872424657114,-1.9189260695992272,-0.34377647901356,-3.880195248139245,-1.4211430882483456,1.4688659755832094,1.4478804432895593,0.6470787476415882,-0.6027570832492757,-2.2173997878335805,-2.0843442641699936,
-65.92077962750956,4.3935323444383325,1.0606185066765121,0.015488327750868613,-1.5033920821791087,-3.8836958289126193,1.814010909531731,2.200672832562362,-0.4455789212649899,2.6320930770745834,1.5373726436500421,-2.686353720961513,-0.347602742136605,
-67.65210178868135,7.017449374300137,4.0232128176255575,-1.443431957195016,1.0031647194160516,-4.306728859077852,-1.1062873336929142,1.700156771490508,2.1043661838727603,0.8711827592335886,0.6575566170368901,-0.5312850418239452,-0.47515591114627265,
-61.22836031228011,9.252474010895645,4.350403660481289,2.3095874456983827,1.420183856351363,-7.416893219716041,-3.3051923678084894,-1.6396520911221084,0.5750467910679755,2.1022363801932613,-1.234681544422186,0.6134596169512119,0.797050045574665,
-73.5839976989433,12.630510604293786,2.6312523761962714,-0.6842016065914693,-0.6385184445550052,-4.312859813139704,-1.2836640055351425,-0.6042773402859289,-0.7575263693865741,1.4682348252242312,1.8366839206418062,0.41735615977204565,-1.6257276454328968,
-57.54631096475032,9.471433572882106,-1.504870576095441,-4.850694361751527,-3.617086023720266,-2.6578892706085377,-0.26797245404567693,0.34690434327776076,-1.2834389539905022,3.749982247360082,-0.431706550754984,-2.649637062476478,-2.116862265360586,
-76.40654960439419,3.595397970739361,3.7057312780467133,-0.8971950705967116,-0.17162863549793483,-4.625728818959709,-1.9444403193602857,-1.3509128846190563,2.6712092285746496,1.0065811760226198,0.3421874041092967,-0.5781995311666477,0.9256948393147622,
-79.78415589147387,7.258488477346515,2.568930165199448,-1.8254797384568455,-3.2776740738804317,-2.5893274751164816,0.6301527208105298,-0.2946731829620033,2.5703595441849667,2.7416124928573726,0.5369993184699062,0.261013573013273,-1.396238878498297,
-54.60976465092264,8.859515302752019,-3.7022378838692522,1.3374509900925449,-1.17180610927826,-3.2694256157630277,-1.6081884500255064,0.4678736777809407,-1.4069532611035331,2.748707097649598,-2.2281084441810375,-1.1975497404359823,-1.5928875501479,
-62.147237519415825,11.364521646466459,1.436555641636033,-2.6469475984833046,-4.141690080029664,-2.4413861351786545,0.5089048323226724,-0.8793372313389747,-1.8194290228398664,2.866446993351049,-0.6573389541665202,0.333861826460772,-0.9605497500799067,
-55.210285771126166,5.404826101855367,-1.8850724664860423,-0.3328256115373991,-1.9883934542822217,-3.2898071116756364,-2.4244870669741605,-1.3434177044056823,-2.1162168233117464,0.7743782147206635,-4.534966259105836,-3.5307594225339556,-3.8135570794233558,
-52.93522185513034,7.47252860385002,-1.8032677740444916,-1.9141270792459406,-1.7836443206358827,-6.249511311702646,-3.61832204958041,0.7369141498740914,1.035830275953555,2.5550240398950934,-2.1600418971610233,-0.7114706016385344,-0.4813227267250326,
-58.427157721678476,9.775770581498485,-2.078813167404507,-0.8195248604347469,-1.2431723845816607,-3.141870664575644,-2.4495916040831167,0.502120327880248,0.06904444301226853,3.489311130752952,-0.019301458713631092,0.6045438219403789,-0.5290970598961353,
-44.030186550250235,7.012933111895291,0.6326077972703508,-0.5805672417129681,-0.821713576836135,-2.7068937401414557,-1.0739560639852126,0.36950462406717755,0.7026350717066716,0.1148126208099769,1.4363602188004978,1.175441954821431,-0.033367437451933046,
-75.33051877023895,7.911495836948918,5.175192075641123,-1.9511804792035785,-0.8237913384379163,-3.810876334209553,-0.9619405892762558,-1.6272638008591214,0.944322936995321,0.8384861440533729,-0.18794182440089013,0.2385285607302241,0.2757766156667327,
-67.85838522481265,11.496404230283714,1.3616626312807836,-3.3012254543628012,-3.484918470582328,-1.9615772005387844,-0.9324495906785728,-1.2153880036138154,1.443100651414209,1.4957473449381988,-0.44109770142353133,-0.3976279198352355,-1.5638256316513024,
-72.66964512275035,5.685409544417246,3.413737155840827,-2.430064569942663,-0.48179761584073644,-2.2120380114386307,-1.7475747564307158,0.8693530622745278,-0.3255316015051455,1.3563099446976437,1.1844737143095436,0.5398717369323616,0.6216447573976942,
-59.39066724721697,8.800342104935229,3.506963010100019,0.04529764495011124,0.6748307614310729,-2.660382891760166,-1.2419733252498977,-2.5698442422263024,-1.8254855334695737,1.9643484391096724,0.44446718475348534,0.959912657711087,1.7387963336392203,
-73.82134231550347,8.11584987865529,1.820008587901027,1.160530920704649,0.3620539227845163,-3.108530480304729,-2.1644330282009605,0.4059576042298163,-1.2673018865835703,0.40287827038943247,-0.06013686859343226,0.047579126092603286,0.571840454016106,
-63.39012219020459,9.133847590089593,0.7776780256779596,-0.21503421411460621,0.24345644866444704,-3.286733055257929,-2.5647051591578816,-2.784908373862895,-0.482420208592103,2.853878877354587,0.3635111049328259,-0.10624038760759325,1.14565866058049,
-62.71366550092114,6.868316965890939,2.225549769461405,-4.38315456913614,-1.9554817954873633,-4.99079098098939,-0.17022790738118632,-0.05454696259024372,-0.3736473066147792,1.2239295757453754,1.6723043486873568,0.6809799215841661,-1.1582303290246128,
-64.32305741347562,3.2178070649443735,4.293851659543538,-5.702847127968317,-4.33368547731404,-2.1430461239239955,0.006511045675457794,-0.358828496109016,0.7895327795013687,-0.19955985930696096,-0.8713864267997922,-1.5093270143259356,-1.438967582621481,
-78.48221365873013,4.684212508085707,4.337643223633295,-2.5214896709754626,-2.2381163160622948,-3.7851106789496374,-1.38043344956018,-1.0610953165156976,-0.05815704840539748,1.1378733359512252,-0.1113908182172394,-1.6484107185580865,0.020484731865035855,
-56.83651158739998,7.525612459100888,4.534255620919183,0.060399331705780046,-1.9125560719960324,-2.8766880486440582,-0.10580494603757185,2.0500048428575175,-1.3897452735947033,0.9161358707084046,0.8151214818899839,-0.27531093696554754,0.43031293009064897,
-54.34772868704489,10.726619303172884,1.928955916550283,1.6003729070086994,-0.6389714459977931,-5.256502095143235,0.11229768099921378,2.027018703718264,-0.8932047236172906,0.4474874760956835,0.40634355860062854,0.32163410601920717,-0.7597966933548581,
-63.75057166821103,7.808941679764626,4.25793142512271,2.069768463694866,-0.16621114634652434,-4.306045223947256,0.9228171637892166,0.5152525786312658,-0.12088424685350585,0.4630559248953705,-1.064965682537049,-1.0888628929719162,-1.1720727175554044,
-68.67742777940474,-0.7854537780523212,7.234889049209729,0.9727611825724378,1.4380373259495012,-4.498466264421767,-3.1135984224822755,1.6747962797835094,-1.823625102595071,-1.3530065626806256,1.4325090159755827,1.5669571491128524,1.1688817185458602,
-65.68884064511607,4.215625871016731,6.160250801600974,2.5092768034768946,0.8925000012102386,-5.049105931226247,-4.58696905736271,-0.059398334269316955,-1.3625335906282725,0.9591250423895445,3.3255337995818475,2.1092575883712055,-0.9055248565616936,
-65.9060284382168,2.619990138101541,7.315113974852762,0.7584144572270999,-1.3428112464172826,-5.537858603753289,-1.937716956283308,1.3295720575899495,-1.703662125273738,-1.9959618214257187,0.7436005926388043,0.46028572366865417,1.5661428557865715,
-68.99068348841253,8.216148188952468,5.61331770168621,0.49484350689445433,-2.0211407413070606,-0.04858188512121231,-0.8030404065348979,-0.18977483616899216,0.73240336156781,0.21686882597113577,-0.5865713948081743,0.4368242837808842,-2.11989077918219,
-69.4741977489031,10.39485252014849,4.378938917587945,-2.0937312495219436,-3.20968772778309,-1.8285534247446167,0.29240232084106577,2.413039060741292,-1.0174223349694853,-0.17988941093588728,0.06658671698810403,0.39092356174905873,0.4002514514803046,
-65.99357904785494,14.664946334998362,3.3480719960135574,0.27136940856265435,0.4723721397139218,-2.7841261945759905,-2.264729195389668,0.5030395379255035,-0.6491692965485014,-1.1720132425807428,-0.16135099021838029,-0.3582715744671079,0.7699431658944849,
-59.611736089819686,7.7450724715218,4.263524032032954,0.9273197895687493,-1.1245863783538514,-2.0609461439349768,-0.49314760802298796,0.4327181070652655,-0.3137274973645403,0.30647300835052205,-0.1805288311880835,1.6717364221180662,-0.5544645148711858,
-65.84485737897457,12.507923771953283,4.034530122328219,-2.54704117206338,-1.99167013437684,-1.4797925241174137,-0.7294714754129177,-1.0934366374971818,-0.2601513830472548,-0.9326034136873362,0.5221854408870081,0.6297901043792113,-0.053952455169953506,
-75.2397315190223,9.286585728953074,3.113742642181076,-0.3196162684511554,0.31321984929454194,-2.5016946492826153,-1.3913898812166963,-0.6638322208399079,-0.5950845589266844,-1.1185208945053478,-0.1858697250549528,-1.4377640289832332,-0.3688734663019346,
-52.38823757808286,6.271793397186697,4.544677496002714,-1.8675246690721807,-1.2086790909041567,-1.2663453142012138,0.21897584274597515,-2.7953778932876974,0.4277351984390225,1.9083577780371417,0.2589886129407717,-0.12247714945964527,-0.7262545189613907,
-55.316090379126955,6.071148296469952,2.3201067279762837,-2.597295952224743,-1.8630594050422684,-2.053742048359683,0.37115572052298607,-1.6410461534099379,0.7223407594948474,2.36594429326652,-0.45351908911148775,-0.8982154998565595,-1.6511625745999798,
-53.3635655286356,8.719395717661065,3.41838063909131,-2.90591095808901,-3.102882136605176,-0.5849048720486865,1.8678404789606127,-2.4538968765754556,0.8762651097843177,0.860252313091185,0.45234527733236063,2.2571901142687807,-0.7379654327176712,
-60.23098660107635,8.060375095899433,2.794395530146372,-0.18605218713367444,0.32663277748793584,-1.5081613540035361,0.9583360604893545,-2.316328037603505,-0.5568000992659838,1.7187845749900508,-0.0434591354820002,-0.19784848813552003,0.019105545796746837,
-56.36691795540604,11.374804736971246,2.9600010941920107,-0.8433444707785216,-1.1772102999767993,-2.1713973677868914,2.744266732016731,-1.0865766593363988,-0.10769995979170233,-0.15459085022555685,-0.02565129769603658,0.7817573115275838,0.12891110024818864,
-72.13132873753898,5.554936796180565,2.4800596891061906,1.623226069495288,0.31798335980214665,-2.3957330597770095,0.36284846139314153,-1.0582004818370603,-2.1718704224321463,0.9583954063432323,-1.208665743105371,-0.267468243448604,-0.35692015803007715,
-60.29730810800935,5.057899310542394,2.1103106906702496,0.31967913191716013,-0.7452487485887136,-4.831806033111803,-1.4315510041631567,-0.07374643505353795,-1.713308373891318,0.5047476238389166,-1.3753786165709605,-3.7801699959220794,-2.139807492994022,
-65.13205578078251,9.000583494395853,-1.918879021907372,-2.0381381086339942,0.37175205139496814,-5.672608619261913,-1.9001079308468185,2.474969372509124,1.714398628502659,-0.44033236812245935,0.5895489735924277,-0.9710417066087587,0.4904987989564371,
-55.35673754336178,2.8825588604228845,-2.1673887747304894,-3.2143113517703186,-0.5400297188618532,-2.8214745730142274,0.9932556444675216,2.4039486566630885,0.06845265870332407,1.898832531498659,0.46675345934749624,-2.0731149391285224,-1.0528657754797621,
-60.28772490064777,0.8588391798472035,1.6461841453951473,0.7114826497905944,-1.7403878236974444,-6.139248138783062,-0.7005699093630016,1.234038023973521,-0.4624728434922183,0.28440231413189365,-1.8513474865659583,-3.585869396140477,-0.8821319282159963,
-61.069518290246826,5.929827114892872,8.97572859341696,-4.81832221403175,-0.11725747458307678,-4.9025060487820635,-1.0938422928827034,-1.4292451942369322,-2.254754216366001,-2.037152191129913,-0.5349650186187109,-0.37747202812526925,-0.04355872620092982,
-66.03336624187195,11.204686462589175,-1.446827311337429,0.11521340627831966,-0.34219501715018286,-4.525855407335612,1.1042673477020482,-0.39908735767746517,0.7993073339946268,2.3012780830942243,-1.0283500148962474,-1.6949772953933864,-0.5059902708421289,
-70.45535662341123,10.573412113928047,-1.7974679345490738,0.09612005699004778,-0.7524257230943894,-3.5612238166632015,0.8874186728822511,2.053746120685048,0.5532448175266396,0.6375625815713133,0.0015231702128368774,-0.615535067280375,-0.1608621972712161,
-57.77607609123683,2.873088629671128,0.8514936975299046,3.6252436294666683,-0.8073758903349231,-4.701901143224077,-1.935602278557866,1.0701641405657702,-1.2654820226428523,1.7625312911112134,0.9100992137424657,-1.4645174853758776,1.0388638361617684,
-55.28903517693367,2.7385536667202635,0.9468864159123118,1.5722903829323478,-0.06940389853253759,-5.387847466539618,-3.4555004132524623,0.9042018842735888,0.521655269837471,2.578219380580397,0.11667271582164895,-0.9499878581233177,-1.3809086336681449,
-60.12891907456171,5.194400209496024,1.299391349502304,3.5554517912434536,-0.14806466115517125,-5.2755611028685045,-4.12802029662324,0.17540435287851386,-0.5259307348423072,1.7131801336583967,1.9177709697850442,1.259626013533494,-0.1408954320872886,
-62.53205653736905,-0.11238226485944747,2.7394500090916747,1.2293586395272484,-4.182032067226359,-2.553826430121334,0.19893522990705836,1.8235975275459544,-0.6819704751255649,-0.037857908044735655,1.201448695845698,0.6525930837717178,-1.6923147672430168,
-73.41026836820063,8.983525393310963,0.7534693334531006,0.16584385157030335,-1.9679692865271523,-4.619020106019239,-1.7580722164159903,0.24433225953370963,-0.2867128241275103,0.929518218804477,0.7434767237175834,1.3189526433773935,-0.454942917939718,
-51.59377196604617,6.6601758912527975,-1.0202094954132535,1.1777422855159836,-0.5523115776715031,-5.044272504959202,-2.66411899845664,0.1917668523191196,-1.5064408449070243,1.241968220092391,1.4230750688355087,-1.0239342554311426,-2.2421449257453325,
-60.32833806797051,9.087860382233217,-3.894308153424826,-3.52884074518724,-1.553971644059163,-2.3903498680204995,-2.104095852976191,0.46105686864323214,1.5609931192597872,-0.9968178299176507,-2.691645085932392,0.3536409233949249,-2.1591338940816662,
-60.42918913047408,7.198426562489267,4.277641944752917,-4.772589199065384,-1.3697725524784616,-2.8215025176745416,-2.768807555085559,-1.5528241609824485,1.784326675730636,1.331142746325014,-0.6512298247004007,-1.1057125863951225,-1.6160138269686137,
-53.3427532114517,3.4087706439108496,2.408288463681538,-6.757674827701376,-0.8987058456047508,0.008228170924921896,-1.4430780154223943,-1.2186710465921329,0.5265901471509051,0.8347708129572365,-0.951436972501928,-2.831358282244186,-2.9021871695262806,
-56.96711006661974,4.685979129029416,2.9525220338239446,-6.602452646643874,-2.009013523633776,-0.880788368529994,-1.8859249705876313,-0.5642946561296833,1.3625488175645901,-0.045649030119481404,0.3208696340473116,-0.27174604267892466,-1.9155119014076813,
-50.00606495124606,5.352158014916402,2.436718149778424,-6.441047214250171,-2.109979781394023,-2.634271776524356,-3.047902339859777,0.07229498783631794,1.2555044915469467,-0.28759676734474215,-2.2757298866259057,0.014053652954375107,-1.2460809568387758,
-52.517783101100974,3.8366690422368417,6.522897746205858,-6.814976159866383,-3.223159776332368,-1.3705125500112836,-2.2287854037611208,-2.087348585568511,0.9143194537119725,-0.9661981259462165,1.0039271056756696,-1.2725642939813442,-2.982339914667956,
-53.921167184158676,7.1835755014043485,0.408905756197786,-4.390428912273526,-2.2721107472746764,-1.4057784949741543,-1.3228559326142273,-0.20563532384855998,1.9052165104878096,0.6238525333928817,-0.05242414193842437,-1.045181932644179,-1.9488240959837286,
-49.125017346352365,6.203714156043805,1.2752940615354031,-3.0111800556027073,-0.015247651981059818,-2.252800491656149,-3.069331527074629,0.4155711130086157,1.6300041976308668,-0.3083549854865,-0.6627054911139643,-0.3507607258157617,-0.713071702370387,
-187.70841545927917,3.606847442008881,-2.0384431819015525,2.962508651120328,2.291661659690126,-0.7589014265432912,0.435061412338694,1.47815343509974,0.2720733796922099,0.40979825727585784,-0.41696313356279635,0.07571298049929887,0.7024444595132762,
-62.358084131196684,7.805701812528312,-6.862751031815611,-0.44571966699638743,-2.3207488134642955,-3.8238645036780143,-1.1432496318271945,-0.3309072413229348,3.188297774119294,0.453332152676178,-0.4463299906366269,-0.03305291332864835,-1.6314905632139922,
-73.85705076034112,3.5109706279742507,1.3540749003674373,-0.09097372371302592,-1.3688845666761367,-3.0123082448704186,-2.1443596373724887,-0.44432328925338505,-1.509796678388237,-0.8146431670992409,-0.004506219334243333,-1.9174564457258692,-1.2370724624185703,
-54.290797692853126,6.1880801927576625,-8.977049702844859,-4.806918621130409,-3.563529006916536,-2.980855959415966,-1.8887414545237955,-0.6365648004499831,0.7755432035357646,0.42677378406546973,-1.399504514859359,-1.024918175209498,-3.7719868439707582,
-61.93000311648218,7.19287068155842,-5.732831353380401,0.30327820087045243,-1.4019592625163906,-5.684859275855654,-1.9552311533491598,-1.307917556587812,0.023617406998973856,-1.346343336281795,-3.1085703035000884,-1.8883924670220429,-1.6588827216891824,
-72.73328290718432,14.366203585880438,-0.5805540701772784,-0.7614920764961814,-0.26524964656874106,-0.8857607210957292,-0.06426383452727125,-0.5398621432931887,0.5257648768724552,-0.07218945883902084,0.84079427145927,1.4641365125587122,0.3549227190020403,
-77.18811626948259,10.788370421263853,-0.18399228420810276,2.0225453344178663,2.2338374877966483,-2.37785718105437,-1.874814141602987,-1.5278438299823947,-0.14226570247145354,1.1219213010220073,1.1134372508741492,0.4310946147522565,-0.4927122800115771,
-47.77526225222866,5.62735417470749,-3.24300204165238,-2.037606579862576,0.7359139630881177,2.4881168355561525,-4.505698129770703,0.739886917545443,1.224939224033625,-1.0042508080896604,-1.4513284268146363,-0.6702187118571907,-2.1154872270837335,
-57.360559856420196,4.143516437476267,2.8162672488803353,3.1866339091581173,-2.9029609321854575,3.2273677262279836,-1.5460695790092938,0.39048282966082626,1.9183448133463514,1.3051280277722959,-1.9778733620571811,2.6120220712128956,0.16674815571249102,
-44.61764099123997,7.149934081799703,0.8728532124243462,0.814386997260204,-0.4660302866963124,-1.5838267448940972,-2.849029296811436,0.225636867296946,1.428323984758145,1.6543638970097705,-0.21003616344800125,-0.9984477267508269,-1.4700590169913224,
-56.56916548714215,7.24871925267497,4.385162397321366,-1.0503995708846041,0.017623527638819247,-1.2720239115643661,-1.1784315132722871,-2.7751760329433752,0.8072673870529008,1.5902381578853348,0.5463418380718821,0.9385854849428801,-0.127447428984647,
-73.98742488308547,4.141648632455938,2.3516000050415826,3.4664267398245614,-0.9487562039376289,0.925422092584963,-3.8644057359782344,2.2153721669650315,2.8255389124610932,-0.4800910277433892,-0.9529833688390719,1.6082404870436466,-0.7228624014041469,
-69.69252110450121,3.714765070286275,6.942742520052868,-2.3870172610907243,0.21031165214487046,-2.4120563913218356,-1.0246883262561757,-2.4726638005386183,-0.3984322090912229,-0.3171538748727891,1.0437401940780455,0.6136989393216856,0.6192092731492429,
-50.67463519332887,1.471406479386923,3.1772421027180413,1.378938784870318,0.9006486326294683,-0.44021016943942914,-2.6416739037579635,-3.540195827733778,-1.9676011170369085,1.2816850272768252,0.6195165065194279,0.6020259730453006,-0.18217115382549487,
-59.03107139722396,1.1653927408169293,4.2956724727955224,3.0720504477394988,1.1220755454178395,-0.737691694073979,-2.6642903577284134,-1.9827392880018886,-3.018875190692163,-0.6024508596868401,1.4525622936796623,0.16675814196634509,-0.9552272255701371,
-50.483159939244636,4.720017483607316,4.095631912980432,-2.157549137817929,0.36650314461444977,0.34804128410422597,-2.8976568837578354,-2.639477053235537,1.2353402708411028,-0.4365269777421821,0.9214138386309141,1.31406941392405,-0.6890225763526727,
-61.49862778490787,3.9877506222786354,1.9610621840462366,-0.44605390687627056,1.4145767015937052,-0.3077381891376163,-3.3052265067618647,-2.290988497766173,-1.541102657597564,0.49834749909278697,0.07769874548518851,0.3622755703111147,0.32919937117670206,
-64.86704156767163,3.296322012355271,1.5388407704447844,-3.353539185904478,-0.1770080292306644,-3.996933553904732,-0.5347379372469918,-0.6524127536721194,-0.012979892082820577,1.1044416762504354,-0.27341944951298514,0.5077515605310103,-1.0144590815988035,
-69.7367439688952,5.189602893789434,3.261943841863004,2.716356706657962,0.43130217264101,1.0282284861812006,-2.3047817652614873,-0.8749298592649328,-1.5586313283810653,-1.0360410399556943,0.5458212260884223,1.2680733713089358,0.20088906277663376,
-50.40891264290105,5.267335650590333,6.010048467307227,-1.7018019258493222,0.538205268313622,0.053795381464450065,-2.4979979307752562,-2.496858398363417,-1.107603091419973,-0.0871446396384401,0.7963259550719186,3.0133898087677577,0.902057717595101,
-65.12618764193398,7.936089384917629,0.8482876341441346,-1.0516686066274197,-0.8887573677229366,0.03625753373132001,-4.404424424317301,-0.35795073923546505,0.6961085059532577,0.44937397148518876,2.833717946069161,2.743598716098705,-0.7633888822286674,
-69.85730274545693,12.212897251877685,3.6557379048829186,-1.5442758931456413,0.05076585009922141,-0.3075737020586464,-2.264948470901444,-0.28517345431612817,1.0392750640901638,0.4898811518236439,1.2875037451673577,2.2394171169370174,-0.09770146488203979,
-59.607711088178,10.069281453685758,2.9636414606607464,-1.2235622151920116,-0.10439493164140057,-0.7807460670512505,-3.8747195727152794,-3.0140817151806503,1.4712286369350385,0.6851563379437318,3.221423499991225,2.723184116759267,-0.21719208450642524,
-62.051141246613255,4.315243454569472,4.398765459458568,2.8127361767608714,1.6064147458019695,-1.189911632311869,-3.0835320859968247,-2.825756414337075,-0.31448651785814885,1.5031365359244533,0.0027537473790899547,0.6154014314488905,0.3557384782563644,
-74.43654017277328,8.794204015756891,2.653115636224153,-0.7366459415770854,-2.499697567375353,-3.1745496564875415,-1.4007459822817623,-1.1985111933159178,-1.710359029733862,-0.7228240482546022,-0.1834526363019009,0.022813824415889528,-1.4106944025214663,
-59.15167744264521,4.669346424500112,1.3582616899206879,4.679557608748003,2.449602931077546,-2.0790640041747155,-1.4515191513055534,-0.630270074997056,-1.5603845925134792,-0.3640412160526463,0.7145102178188996,2.089334650584148,-0.011739854202005962,
-86.28578229546645,11.429503247578884,3.706762289302409,2.243310602288527,-1.0191655678688432,-2.1587800687227867,0.8384249067551757,-1.054330181676907,-2.3106668814992393,-2.107814977266371,-0.8095920774896173,-0.7482621857858969,0.12292430624237793,
-56.46833213098083,7.527667664800555,4.285324505276457,-0.2639932363646116,-1.7847915732466157,-3.174668046398124,1.1926259624062254,-1.1019982614882387,-1.744465410102689,-2.0616734036555284,0.07032353908168121,0.869185774339472,0.9333715552141175,
-51.359801016217034,6.872001168390684,2.57208674141591,-0.21734303096059415,-2.5258247636883038,-2.5972836412588305,0.05268475108715576,-0.057133143846157086,-2.9569234446014208,-0.40935440639015486,-0.7131142618450048,1.5689263529240536,1.3136678546175327,
-61.75368744156496,9.430703591798949,4.139527865874742,-0.33147271760383035,-2.593019879707994,-2.523242652056793,0.3934864556418929,-1.2079842888957115,-2.2497990784110877,-0.9873909654432675,1.640314183859037,1.0723527535418613,1.2213265242501428,
-63.34463203806955,5.118048211518836,3.6861888461129766,1.5027145825855999,-0.5653465920916569,-1.2234356840834906,-0.6542500154985742,-1.0539273751825307,-2.6100849420072008,0.23864379785187317,-1.2920974427912078,-1.2004902446223382,1.0929453641471625,
-71.5130400506659,14.412288437400795,-4.8752948925056,0.11888407973511583,-0.20966605049808518,-1.1042616072747986,0.6876852606050647,-1.6889432419425763,0.8013549385409977,2.046091552073699,-0.7439648041161853,2.1506181348277296,-1.6918169334233384,
-61.71868128358715,4.906563802824895,3.0832651133915894,-2.966489900929357,-2.5591708636818136,-1.675238740408326,-2.3467503019961264,-3.178830240173815,0.4200100657863839,1.161710452385849,0.7064981357837876,0.24320204337134155,-0.7408452259569367,
-62.850163159733256,12.309764885965917,-3.892408420123053,0.8701126065460589,0.12923621479811054,-3.1649530270228863,-2.0664637273103863,-3.68181157835813,0.6636329873128748,0.9510535033606504,-1.463390570043623,1.432355157112128,-0.36312202574286756,
-54.526029638131426,5.705308648004107,1.6108637907639372,-3.0955306431311804,-2.7372251702356936,-3.652593535394559,-2.7418173589901946,-2.939626536934175,0.06024561138659523,0.6657487325628983,0.21778848905175674,0.5633195621974314,-0.3137307702464389,
-51.987215934133694,4.350694514495293,-1.8763340908655128,-0.703252409544274,-0.31786263147522975,-2.6412401470084554,-3.1281106062067847,-1.7219950996543028,0.5955760668159806,1.9108875539855332,-1.2027050142849585,1.1726597159534153,-1.198697172287636,
-59.04376670248707,-1.7521229909338603,0.5363947623397891,3.806016639865838,1.1995960808534942,-3.632637020816355,-4.371909342509786,-1.9746877662701294,2.258384178839435,0.6544479938427645,-0.6083853424618164,0.15815102097694966,-0.402043718131053,
-57.48053641924733,5.938521487141827,-5.506741592500009,2.7037654622483847,-1.511023467492719,-3.5780699378740892,-0.30273676657870574,-1.9432755745303543,0.8231550828399632,1.3446187982294429,-1.5048502781659565,0.4918626146846994,-2.2974548333638745,
-65.31283861339737,5.55928870362331,-2.6382620202820215,-0.904749021475372,1.3125353730310803,-1.9280550929116314,-1.5794737284383527,-0.2536100552231382,1.361788517142012,1.280240366174164,-1.2257233011085569,0.8856747315475184,-0.7934249188783264,
-65.00591189736119,4.179455786452561,2.390524995301005,-0.703159635415914,-1.0717213958843428,-3.1526293914986403,-1.7288530018335333,-3.456876672140267,1.0665349948226839,-1.0918070080260325,0.30827839233997967,0.60772112132692,1.036242620733226,
-63.538123748620315,7.974599269613403,0.2961302465818174,-1.9595292365453512,-4.144568423843394,-0.909991561352534,-3.7414369642391767,-4.452965893101375,-0.8125303757759452,-0.7362798373180541,0.04485917438312148,-0.39286578663973293,0.7785412356942274,
-72.52865727527056,2.288663673968974,1.8619160670696089,1.4639157322875338,0.0038863637215529323,-1.2161427926204622,-4.041524387032183,-2.775086177422526,-2.8474125683732305,0.6538203233854447,1.6195678864065832,-0.6743299915884915,-0.3238300617459542,
-57.627353143339455,3.676824575199434,2.857321886000756,-1.991352144958435,-0.7422765447151316,-1.0175626677164424,-3.6355025078345387,-2.4987662656295435,-0.4041330839967723,0.8466114308917989,0.5302920903559465,0.5476519492351195,-0.3874515040333484,
-66.37630705953728,8.99778845423806,2.3337629898312566,-1.1608706695770574,2.03097263092774,-2.3798343452857655,-1.2597982932175822,-0.916771554068732,-0.08312006152911566,-0.7787074512361896,0.44560342651360996,-0.704620730212135,-1.6684337660997897,
-60.32595852624818,13.60819334767793,-1.1910105866870855,-2.398580348169751,-2.4256620563104785,-1.6439386803508316,-0.7145389685733754,0.05766192769968903,0.937023798474951,-1.9166371434858198,2.910759753652723,1.985349233925152,-2.1508560224814413,
-47.160325516399645,5.592364847646494,-1.405227537330636,1.0838665261197926,-4.076861926177276,0.7431841986829082,-2.7131763909615465,-0.029742267625127106,-0.6663937512287936,1.7195930585895454,2.637900572711995,0.17137334975088292,-1.9602813010769433,
-54.00512856104061,8.466160018173792,1.1028201785802922,-2.1809446384383335,-0.7792886650446729,-0.23508370257676336,-1.6913711511076417,-0.7660797322284458,-1.3821743354566929,-0.03551997085620551,-0.4188934213546034,2.0849433666795383,-0.043094155118375,
-58.03975209775542,4.305290272368611,3.032756084729933,-0.3408586200821726,0.42053826626999324,-0.9239678257072153,-2.7674469277527214,-0.6208134993761685,-1.3811879116830594,-0.33769441724157323,-0.2642069826959388,1.7484719151190096,1.136824012047413,
-63.62859768317982,4.747487744793119,2.2739114122780215,-0.05019987428680173,-2.4552656883153383,-2.5423757977052848,-0.9324157529763348,-0.057544508905817526,-0.1497146187886269,-0.5415709839275662,0.6515150560501479,1.61108194782341,0.9563337239580343,
-61.31781659547862,7.752870388762911,2.759415838787199,-3.010935399373661,-2.1837879875191115,0.3519190526916658,-1.6758862934202876,-0.48306559548100925,-0.7599187605633198,-0.4110798821529351,1.6401790210904719,1.1267102762755785,-0.05712985747592336,
-59.923930177662555,3.756989741435443,4.752845778193313,-1.4439561101642893,0.5108390192135199,0.5872885456601638,-2.8054368419597395,-1.0748095285300723,-1.0992502299587261,0.14452008067123923,0.895626316644297,1.0527195851448534,0.2141767459258912,
-57.891044974017056,7.357017518552105,1.5360635463829526,-1.057087099861616,0.46404508016713253,-0.3258199371981685,-3.5603242171645784,-0.5714166311945434,-0.4901970900054673,0.41732869531270644,2.141374971755184,0.9338295226240296,0.4574693806221348,
-64.33671223493997,7.729091157053074,2.6176224795378293,-1.5338173438574354,0.29327646736698876,0.20289061749154902,-3.258751311859366,-1.213475814945605,-0.5050507960833048,0.3553841107154776,1.6565734327059505,1.1453293501800963,-0.6731624871391704,
-66.29416912265151,6.352731602943728,3.415457529030629,-1.6789560775481442,-0.11986846609120771,-1.4491070036436744,-1.8731402571083478,-1.301717818408728,-1.7100461194958596,0.07207781276241931,1.8348837604545745,1.353435965431802,0.5496057252936328,
-64.4316778457916,8.440955941764278,0.27398763895533396,-5.7161939777275155,-0.4167928503513858,-2.446371674006249,-3.231294846917672,-1.7015166865823703,-0.650202250870791,-0.16564343558945938,0.5277495040455582,-1.2075591360685385,-0.698003371798174,
-78.30508023850078,7.175496172925763,3.3593334678581965,-1.1433352532917715,1.312338468458857,-1.8708979196873643,-2.1986140728037062,-1.0084981684650987,-0.06966090045492423,-1.1670785840000168,0.671296423570094,1.1235216241487227,0.89086144974344,
-54.19780093473537,9.811656567744995,-5.163585836903016,-1.9224060756047487,-2.116521649040334,-1.5981817851705187,-2.790273003292821,-1.7570916597944257,0.04738969782451008,-0.4311625455660302,-2.28025507491129,1.29610714876353,-3.8462153485847748,
-61.97031952812373,5.7562735612519855,-4.0031978039103295,-5.609113770267781,-1.4898077665894336,-1.4255796547106598,-0.8216849066492107,-2.2915993309305884,-1.753098661889569,0.25756841478253234,-1.000804932866643,0.5523193185482755,-0.11233326282817435,
-59.46773197812475,7.440512893250363,-5.6371780702968435,-3.4448142224278397,-1.9526830505449544,-2.0475303729090455,-3.4963150531814082,-1.7566635513090523,-0.1547748084178182,1.2911383675002752,-2.10110338802764,-0.5863522266290215,-1.2636290771816632,
-88.01545733147567,12.730584982246349,0.9414160193707684,0.5348084023245407,1.529074736786474,0.15128885703775552,0.30713783750784884,-0.536590825273163,0.09594843890025961,-0.4848754485733795,0.049820310677612945,-1.0664211301015598,-0.4606344899615973,
-65.2345418183773,11.115848448411494,-4.35097252511753,-3.480541679637788,0.699490991041587,-0.8872046077085876,0.13772043007448742,-1.0015569193238645,0.25322862040236593,0.48108437579849817,0.6010572254541517,-1.431103622475347,-1.7500439825103413,
-60.99414968850055,5.263408335633564,2.245210405253521,-3.8297682794965446,-3.1364356830375475,-1.587749246421545,0.007314664435715379,-1.5577565763814776,-0.7150757652892312,0.5371957660051634,0.8430476893324963,0.4209753816626365,-0.2779031937110854,
-64.06848714885709,2.132632983027242,7.317641909001589,-0.20703644172140567,-0.0404852016256001,-0.3485173892102762,-0.928016235908522,-2.408055065335543,0.8949056911102724,0.9042686556926425,-0.31693414050319846,1.6354905060036564,-0.3030709510178442,
-58.084378770786905,5.511923101518542,1.3966053337157547,-0.2989501313468601,0.028431623483416768,-2.1355127348873437,-2.0863000924536164,-2.3308176907590643,0.28957865889413403,0.3219304258472213,-0.09581242748143248,-0.3498909964186909,-1.0746877071324141,
-51.82298484637693,10.292105808431511,-0.1913177581005696,0.7487064028087196,0.7252187568247095,-3.0357515771503962,-3.001676420245314,-0.9277244317752746,1.8269898654511914,1.9052084370870093,1.7600915740672343,-0.10412939443398184,-1.5524420306707472,
-54.18758636619725,6.906300368909774,-0.5508628102368771,-6.2049361709990665,-1.9853423620385588,-1.3599158799318327,-2.9346939341443385,0.07770306387597703,2.2248105639789673,0.016871059997196403,0.7939590943472759,-1.9832643596032034,-2.983894940561478,
-81.0325557245118,7.943400108328598,1.3539487946320907,-1.4106601218856238,-1.4134207764755922,-1.9242258139014443,-1.076518572283688,0.14649718822535496,0.20969127232053797,0.24782702921190003,1.66149097530985,1.728866221215072,-7.675160287514693E-4,
-48.40227543564923,2.855882629895196,-1.102039549541248,0.5476064345507019,1.04934830081632,-0.9854602633648692,-4.284233892347362,-2.748947684302036,0.011049577678304168,1.7704754780644385,0.9312676679558689,0.5536475023996508,1.2048615611348554,
-50.131767847480745,2.423491516375556,-4.745372318184818,-0.44483255697457924,-2.5588931122953036,-0.8555986674325258,-0.9984532729603592,1.013989426487122,0.9299843962298855,-0.9006103337159659,-2.665475652869624,-1.1346503823497658,-0.2382151783318036,
-57.48819770171177,5.893794243551789,-7.337400941295227,0.11459280474526778,-1.6003236339017781,-2.8547964310396625,-0.36434385091772636,-0.00807177362742273,1.9023729315104307,0.9786748766173108,-1.1540344922997428,-0.9947063819347837,-4.241230231019796,
-75.51358910680358,10.206189991333138,-4.279743612519786,-3.6541556994080064,-1.7160158446142146,2.3177559201679947,2.5285809353224655,0.7168447531765367,-0.3264332033078263,-1.2377646777803308,-1.9350663639489212,0.2902494814397971,0.03174493733910477,
-57.79031870911981,7.521973828407434,-7.73023451356061,-2.867279360995933,-1.874689751018419,1.2701698078371901,0.9186760517605976,-1.1762612229763625,-0.13592674550566963,1.0514282788890332,-1.3994808728268289,-2.13880307724147,-1.916424665782551,
-61.45451174828173,3.0333451008963923,-2.0309948082306737,-1.0090959005796925,-2.8199257897690724,-1.6823044250710817,-2.4251874417197428,1.1851388979288178,0.5833009974481551,0.6718854876210036,-2.085912724883955,-0.9259121533952808,-2.3086101990021692,
-64.81608734065782,-0.5774325617817091,0.8699755472530137,-1.0164410461525,-3.777137492725581,-1.0719723727959436,-1.9420277789111489,-0.9760983396891563,-1.6344891042293286,0.6089411236506515,-1.9347798581383109,-2.134997919212031,-2.876684784456216,
-76.33910037986941,9.039267398149477,-0.7396735952404767,-1.5686955691987334,-1.388059089359019,-0.8952623985691464,-1.5515284895296428,0.06788321298861622,-0.2144528935812442,1.375286017826689,-0.34405756622967987,-0.27013001703868467,-1.635750269478351,
-74.94720887394172,1.7862718593861104,2.8851797198069358,1.723109642155137,-1.3686387993882225,-0.08982070738465486,-1.74299137936705,-0.18158406055341159,-0.9968496259984398,-0.5283604474212336,-1.064757575290218,-0.023855997546808005,-0.285034703137923,
-62.36812675639726,9.362732308567905,0.5931700077762958,-1.0615764384752122,-1.5498929188216555,0.10948646694913489,-3.574796728157583,-2.5258901786432815,-1.6466374812881008,0.47195272970804636,1.532989207764091,1.2616541972476338,1.5018216715574382,
-65.91370475008534,-0.4768406408593022,2.8388536328902942,-0.8775101806308134,-0.043090465327976446,-2.9295463642693007,-0.3201793581419077,-2.909943089676168,-0.9672232798041721,2.092504685420207,1.0589550103495662,0.044583097611592626,-0.8406471877853479,
-61.3623214236116,5.039720205766727,3.316321417945779,-3.0183496482839516,1.2434523014917827,-2.1230929513564245,-2.761819394049347,-4.956440050980539,-1.1286201724078575,0.17512114354810437,2.0130754293363102,1.061708566266467,0.715356874257451,
-63.299353976632815,-0.33756109965489545,4.770666964653536,3.6172320000815037,0.9737276911149353,-0.5259172607166289,-2.6858013989213,-2.0070875658274008,-2.7626992223076705,0.5471971487340421,0.8094722638486105,0.5648064000333295,0.7141976839842705,
-62.50876539041318,3.7540935702781297,1.5010162002198624,-0.6424211944639358,1.7087231788126331,-1.3817320750784394,-4.531141768900195,-1.9535871136703604,-0.16362549097641743,-0.45596937802839843,-0.9303270184541532,2.7043608388326623,0.947071461897981,
-63.82002505403171,7.50892525723599,-0.31605405612823256,-0.5495598206499306,1.76590204601434,-0.8458016274936071,-4.443411287806124,-2.618374063821717,0.05192421949338222,1.0427066638890292,-0.16582680537725603,1.4217628797660837,0.8920953657281219,
-60.78593736556677,5.120095736673109,-0.6466023167234396,2.424513314979911,1.0221090049273722,-2.5495028175998806,-5.162448355630922,-1.788028340258939,-0.9896657987043125,2.769938990088681,0.3639252765578327,0.4011478234464074,0.2399289145285115,
-57.95766401420237,1.2278546314261218,3.1034855403347787,0.9427780012209095,0.6721515036848693,-0.850062606570535,-3.7283740655280626,-1.49907297152811,-1.8784116066229133,1.0576585515250205,1.5700630028811862,1.3842524916716796,0.32960334726161067,
-63.65839521111125,11.457393194683776,-1.0468933614338134,-0.8862976436863441,-2.8712507625063637,0.9115095341770862,-2.250408585235,-0.6815193796454486,-0.5086931336101919,0.10978978899553793,2.549956030887918,1.6891517927046702,-0.8362561601968204,
-58.018032294170695,6.2717094553180965,3.4835098013173407,0.20398211147997536,1.087166558024177,0.24338181843078122,-4.260705413798133,-2.6459284693743554,-0.6458828625447035,1.0047977764977192,1.045900144039524,0.4319835015302391,0.18294057108238193,
-59.021804288947685,6.071309889964743,3.2970107025473134,-0.28296270811058166,0.22683695988221064,-0.6335815212383138,-1.978637316148566,-0.9493894515786399,-1.7592709379931717,-0.37344255610414256,0.9736536566640708,1.5452381920630265,-0.13337084337666494,
-73.55752533950812,10.358826666093051,0.681973337673659,-0.6246490193551519,-2.268566322126043,-2.678518229527422,-2.9969830822456913,-0.9771628895978561,0.9024484728323556,1.2938173160061806,0.9581500665559051,-0.35307613596501586,-1.915621959826964,
-67.7672176183917,4.770380344774361,4.650790880190894,-3.5652869303287904,-2.1679523808220673,-1.4898240414025015,-1.5194365398395675,-2.085092158023743,1.0302135937213603,0.38652060911957853,1.1896356783610473,0.5796616098292922,0.031528267375186214,
-52.072344629104485,5.06608018556809,-1.726538328044807,-1.4163652938744997,-1.6009442144256094,-2.077458841720813,-2.3178870533809146,-2.987101872723213,-0.9285076380899975,1.0208517774339612,-0.6175013079743803,0.25386281646873754,0.8254063439835533,
-60.525221928663775,7.782083298699808,-0.8207370400875202,-3.6842036907139857,-3.2034555134741676,-2.959676471681672,0.23437429340824645,1.0715989539643909,0.5599312954897662,0.04420545550080357,0.2966259633850852,0.7185958583983905,-0.6304385664586336,
-61.68711240145548,2.373205882087563,4.080136469510851,-1.7648678312259976,-1.5495211703082377,-3.910130077691798,-2.3179594215545873,-0.3986823548598917,-0.4961823894431201,1.388537127182024,2.412511873045292,1.2736074045027017,0.6232397881660576,
-59.60704263908238,6.034413520577588,3.7843419240881655,-2.3079635454131906,-1.1254571508029376,-3.4306656281938435,-2.1348864780780312,-1.620551241045113,-0.433643839657605,-0.5311463969918337,0.9706330075049492,0.549725656773334,-0.7773677205039395,
-77.43339730597293,1.038932672193492,-3.6978932310166646,4.788837340425926,3.757453145947335,0.6985788964416901,0.8521019529781544,2.278887695658117,0.4144931512817167,-0.2976092881521568,-0.01936847729632829,0.9459265068921381,0.35840731718832863,
